ticker,ann_date
A,2025-02-26
A,2025-06-02
A,2025-08-29
A,2025-12-19
A,2026-02-25
A,2026-05-27
AAPL,2024-08-01
AAPL,2024-11-01
AAPL,2025-01-31
AAPL,2025-05-02
AAPL,2025-08-01
AAPL,2025-10-30
AAPL,2026-01-30
AAPL,2026-05-01
AAPL,2026-07-31
ABBV,2024-08-07
ABBV,2024-11-04
ABBV,2025-05-09
ABBV,2025-08-04
ABBV,2025-10-31
ABBV,2026-02-04
ABBV,2026-02-20
ABBV,2026-05-08
ABBV,2026-08-03
ABNB,2024-08-06
ABNB,2024-11-07
ABNB,2025-02-13
ABNB,2025-05-01
ABNB,2025-08-06
ABNB,2025-11-06
ABNB,2026-02-12
ABNB,2026-05-07
ABNB,2026-08-06
ABT,2024-10-31
ABT,2025-02-21
ABT,2025-10-29
ABT,2026-02-20
ABT,2026-04-29
ABT,2026-07-28
ACGL,2024-08-06
ACGL,2024-11-07
ACGL,2025-02-27
ACGL,2025-05-07
ACGL,2025-07-29
ACGL,2025-11-06
ACGL,2026-02-26
ACGL,2026-05-05
ACGL,2026-07-28
ACN,2024-10-13
ACN,2024-12-19
ACN,2025-03-20
ACN,2025-06-20
ACN,2025-10-10
ACN,2025-12-18
ACN,2026-03-19
ACN,2026-06-18
ADBE,2025-06-25
ADBE,2025-09-24
ADBE,2026-01-15
ADBE,2026-03-25
ADBE,2026-06-15
ADI,2024-08-21
ADI,2024-11-26
ADI,2025-02-19
ADI,2025-05-22
ADI,2025-08-20
ADI,2025-11-25
ADI,2026-02-18
ADI,2026-05-20
ADI,2026-08-19
ADM,2024-11-18
ADM,2025-02-20
ADM,2025-05-06
ADM,2025-08-05
ADM,2025-11-04
ADM,2026-02-17
ADM,2026-05-05
ADM,2026-08-04
ADP,2024-11-01
ADP,2025-01-30
ADP,2025-05-01
ADP,2025-08-06
ADP,2025-10-29
ADP,2026-01-28
ADP,2026-04-30
ADP,2026-08-05
ADSK,2024-09-03
ADSK,2024-12-03
ADSK,2025-03-06
ADSK,2025-05-29
ADSK,2025-09-02
ADSK,2025-11-26
ADSK,2026-03-03
ADSK,2026-05-29
AEE,2024-08-05
AEE,2024-11-07
AEE,2025-02-18
AEE,2025-05-01
AEE,2025-08-04
AEE,2025-11-06
AEE,2026-02-11
AEE,2026-05-08
AEE,2026-07-30
AEP,2024-11-06
AEP,2025-02-13
AEP,2025-05-06
AEP,2025-07-30
AEP,2025-10-29
AEP,2026-02-12
AEP,2026-05-05
AEP,2026-07-30
AES,2025-03-10
AES,2025-05-01
AES,2025-08-01
AES,2025-11-04
AES,2026-03-02
AES,2026-05-05
AES,2026-08-04
AFL,2024-08-01
AFL,2024-11-01
AFL,2025-02-26
AFL,2025-04-30
AFL,2025-08-05
AFL,2025-11-05
AFL,2026-02-25
AFL,2026-05-06
AFL,2026-08-07
AIG,2025-02-13
AIG,2025-05-02
AIG,2025-08-06
AIG,2025-11-04
AIG,2026-02-12
AIG,2026-05-01
AIG,2026-08-06
AIZ,2024-08-08
AIZ,2024-11-05
AIZ,2025-02-11
AIZ,2025-05-08
AIZ,2025-08-07
AIZ,2025-11-06
AIZ,2026-02-19
AIZ,2026-05-07
AIZ,2026-08-04
AJG,2024-10-29
AJG,2025-02-18
AJG,2025-05-02
AJG,2025-11-10
AJG,2026-02-17
AJG,2026-05-07
AJG,2026-08-05
AKAM,2024-08-08
AKAM,2024-11-08
AKAM,2025-02-24
AKAM,2025-05-09
AKAM,2025-08-08
AKAM,2025-11-06
AKAM,2026-02-20
AKAM,2026-05-07
AKAM,2026-08-07
ALB,2024-11-06
ALB,2025-02-12
ALB,2025-04-30
ALB,2025-08-04
ALB,2025-11-05
ALB,2026-02-11
ALB,2026-05-06
ALB,2026-08-05
ALGN,2024-10-23
ALGN,2025-02-05
ALGN,2025-05-08
ALGN,2025-08-06
ALGN,2025-11-05
ALGN,2026-02-27
ALGN,2026-04-29
ALGN,2026-08-05
ALL,2024-10-30
ALL,2025-02-24
ALL,2025-04-30
ALL,2025-07-30
ALL,2025-11-05
ALL,2026-02-20
ALL,2026-04-29
ALL,2026-08-05
ALLE,2024-10-24
ALLE,2025-02-18
ALLE,2025-04-24
ALLE,2025-07-24
ALLE,2025-10-23
ALLE,2026-02-17
ALLE,2026-04-28
ALLE,2026-07-23
AMAT,2024-08-22
AMAT,2024-12-13
AMAT,2025-02-20
AMAT,2025-05-22
AMAT,2025-08-21
AMAT,2025-12-12
AMAT,2026-02-19
AMAT,2026-05-21
AMAT,2026-08-20
AMCR,2026-01-13
AMCR,2026-02-04
AMCR,2026-05-06
AMCR,2026-08-12
AMD,2024-10-29
AMD,2025-02-05
AMD,2025-05-07
AMD,2025-08-05
AMD,2025-11-05
AMD,2026-02-04
AMD,2026-05-06
AMD,2026-08-04
AME,2024-08-01
AME,2024-10-31
AME,2025-02-20
AME,2025-05-01
AME,2025-07-31
AME,2025-10-30
AME,2026-02-17
AME,2026-04-30
AME,2026-08-04
AMGN,2024-08-06
AMGN,2024-10-31
AMGN,2025-02-14
AMGN,2025-05-02
AMGN,2025-08-05
AMGN,2025-11-04
AMGN,2026-02-13
AMGN,2026-05-01
AMGN,2026-08-04
AMP,2024-08-06
AMP,2024-10-23
AMP,2025-02-20
AMP,2025-05-02
AMP,2025-08-05
AMP,2025-10-31
AMP,2026-02-19
AMP,2026-05-07
AMP,2026-08-04
AMT,2024-10-29
AMT,2025-02-25
AMT,2025-04-29
AMT,2025-07-29
AMT,2025-10-28
AMT,2026-02-24
AMT,2026-04-28
AMT,2026-07-28
AMZN,2024-08-01
AMZN,2024-11-01
AMZN,2025-02-07
AMZN,2025-05-02
AMZN,2025-08-01
AMZN,2025-10-31
AMZN,2026-02-06
AMZN,2026-04-29
AMZN,2026-07-31
ANET,2024-12-04
ANET,2025-02-19
ANET,2025-05-06
ANET,2025-08-06
ANET,2025-11-05
ANET,2026-02-13
ANET,2026-05-06
ANET,2026-08-05
AON,2025-02-18
AON,2025-04-25
AON,2025-07-25
AON,2025-10-31
AON,2026-02-13
AON,2026-05-01
AON,2026-07-29
AOS,2024-10-22
AOS,2025-02-11
AOS,2025-04-29
AOS,2025-07-24
AOS,2025-10-28
AOS,2026-02-10
AOS,2026-04-30
AOS,2026-07-30
APA,2024-08-02
APA,2024-11-07
APA,2025-02-28
APA,2025-05-08
APA,2025-08-07
APA,2025-11-06
APA,2026-02-26
APA,2026-05-07
APA,2026-08-06
APD,2024-08-01
APD,2024-11-21
APD,2025-02-06
APD,2025-05-01
APD,2025-07-31
APD,2025-11-06
APD,2026-01-30
APD,2026-04-30
APD,2026-07-30
APH,2024-10-25
APH,2025-02-07
APH,2025-04-25
APH,2025-07-25
APH,2025-10-24
APH,2026-02-11
APH,2026-05-01
APH,2026-07-31
APO,2024-11-05
APO,2025-02-24
APO,2025-05-07
APO,2025-08-07
APO,2025-11-04
APO,2026-02-09
APO,2026-05-06
APO,2026-08-04
APP,2025-02-27
APP,2025-08-06
APP,2025-11-05
APP,2026-02-19
APP,2026-05-06
APP,2026-08-05
APTV,2024-08-01
APTV,2025-02-07
APTV,2025-05-01
APTV,2025-10-30
APTV,2026-02-06
APTV,2026-05-05
APTV,2026-08-04
ARE,2024-10-21
ARE,2025-01-27
ARE,2025-04-28
ARE,2025-07-21
ARE,2025-10-27
ARE,2026-01-26
ARE,2026-04-27
ARE,2026-08-03
ARES,2024-08-07
ARES,2024-11-08
ARES,2025-02-27
ARES,2025-05-12
ARES,2025-08-08
ARES,2025-11-06
ARES,2026-02-25
ARES,2026-05-08
ARES,2026-08-07
ATO,2024-08-07
ATO,2024-11-06
ATO,2025-02-04
ATO,2025-05-07
ATO,2025-08-06
ATO,2025-11-14
ATO,2026-02-03
ATO,2026-05-06
ATO,2026-08-05
AVGO,2024-09-11
AVGO,2024-12-20
AVGO,2025-03-12
AVGO,2025-06-11
AVGO,2025-09-10
AVGO,2025-12-18
AVGO,2026-03-04
AVGO,2026-06-09
AVY,2024-10-29
AVY,2025-02-26
AVY,2025-04-29
AVY,2025-07-22
AVY,2025-10-28
AVY,2026-02-25
AVY,2026-05-05
AVY,2026-08-04
AWK,2024-10-30
AWK,2025-02-19
AWK,2025-04-30
AWK,2025-07-30
AWK,2025-10-29
AWK,2026-02-18
AWK,2026-04-29
AWK,2026-07-29
AXON,2024-11-08
AXON,2025-02-28
AXON,2025-05-07
AXON,2025-08-04
AXON,2025-11-05
AXON,2026-02-25
AXON,2026-05-07
AXON,2026-08-05
AXP,2024-10-18
AXP,2025-02-07
AXP,2025-04-18
AXP,2025-07-18
AXP,2025-10-17
AXP,2026-02-06
AXP,2026-04-23
AXP,2026-07-24
AZO,2024-10-28
AZO,2024-12-20
AZO,2025-03-21
AZO,2025-06-13
AZO,2025-10-27
AZO,2025-12-19
AZO,2026-03-20
AZO,2026-06-12
BA,2024-10-23
BA,2025-02-04
BA,2025-04-23
BA,2025-07-29
BA,2025-10-29
BA,2026-01-30
BA,2026-04-22
BA,2026-07-28
BAC,2025-10-31
BAC,2026-01-06
BAC,2026-02-25
BAC,2026-05-01
BAC,2026-07-31
BALL,2024-08-01
BALL,2024-10-31
BALL,2025-02-20
BALL,2025-05-06
BALL,2025-08-05
BALL,2025-11-04
BALL,2026-02-19
BALL,2026-05-05
BALL,2026-08-04
BAX,2024-11-12
BAX,2025-02-21
BAX,2025-05-06
BAX,2025-07-31
BAX,2025-11-04
BAX,2026-02-12
BAX,2026-04-30
BAX,2026-07-30
BBY,2024-09-06
BBY,2024-12-06
BBY,2025-03-19
BBY,2025-06-06
BBY,2025-09-05
BBY,2025-12-05
BBY,2026-03-18
BBY,2026-06-05
BDX,2024-08-01
BDX,2024-11-27
BDX,2025-02-06
BDX,2026-02-09
BDX,2026-05-07
BDX,2026-08-06
BEN,2024-11-12
BEN,2025-01-31
BEN,2025-05-02
BEN,2025-08-01
BEN,2025-11-10
BEN,2026-01-30
BEN,2026-04-28
BEN,2026-07-31
BF/B,2024-08-29
BF/B,2024-12-05
BF/B,2025-03-05
BF/B,2025-06-13
BF/B,2025-08-28
BF/B,2025-12-04
BF/B,2026-03-04
BF/B,2026-06-12
BG,2024-08-01
BG,2024-10-30
BG,2025-02-20
BG,2025-05-07
BG,2025-08-05
BG,2025-11-05
BG,2026-02-19
BG,2026-04-29
BG,2026-07-29
BIIB,2024-08-01
BIIB,2024-10-30
BIIB,2025-02-12
BIIB,2025-05-01
BIIB,2025-07-31
BIIB,2025-10-30
BIIB,2026-02-06
BIIB,2026-04-29
BIIB,2026-07-29
BKNG,2026-04-06
BKNG,2026-04-28
BKNG,2026-08-04
BKR,2024-10-23
BKR,2025-02-04
BKR,2025-04-23
BKR,2025-07-23
BKR,2025-10-24
BKR,2026-02-05
BKR,2026-04-24
BKR,2026-07-26
BLDR,2024-08-06
BLDR,2024-11-05
BLDR,2025-02-20
BLDR,2025-05-01
BLDR,2025-07-31
BLDR,2025-10-30
BLDR,2026-02-17
BLDR,2026-04-30
BLDR,2026-07-30
BLK,2024-08-06
BLK,2024-11-06
BLK,2025-02-25
BLK,2025-04-11
BLK,2025-08-06
BLK,2025-11-05
BLK,2026-02-25
BLK,2026-05-06
BLK,2026-08-06
BMY,2024-10-31
BMY,2025-02-12
BMY,2025-04-24
BMY,2025-07-31
BMY,2025-10-30
BMY,2026-02-11
BMY,2026-04-30
BMY,2026-07-30
BNY,2024-08-02
BNY,2024-11-01
BNY,2025-02-27
BNY,2025-05-02
BNY,2025-08-01
BNY,2025-10-31
BNY,2026-02-25
BNY,2026-04-16
BNY,2026-07-31
BR,2024-08-06
BR,2024-11-05
BR,2025-01-31
BR,2025-05-01
BR,2025-08-05
BR,2025-11-04
BR,2026-02-03
BR,2026-04-30
BR,2026-08-04
BRO,2025-02-13
BRO,2025-07-28
BRO,2025-10-28
BRO,2026-01-26
BRO,2026-02-12
BRO,2026-04-27
BRO,2026-07-27
BSX,2024-08-01
BSX,2024-11-01
BSX,2025-02-18
BSX,2025-08-01
BSX,2025-11-03
BSX,2026-02-04
BSX,2026-05-01
BSX,2026-07-29
BX,2024-08-02
BX,2024-11-01
BX,2025-02-28
BX,2025-05-02
BX,2025-08-08
BX,2025-11-07
BX,2026-02-27
BX,2026-05-08
BX,2026-08-07
BXP,2024-08-05
BXP,2024-10-29
BXP,2025-02-27
BXP,2025-04-29
BXP,2025-08-06
BXP,2025-11-07
BXP,2026-01-27
BXP,2026-05-07
BXP,2026-08-06
C,2026-04-03
C,2026-05-07
C,2026-08-06
CAH,2024-08-14
CAH,2024-11-01
CAH,2025-01-30
CAH,2025-05-01
CAH,2025-08-12
CAH,2025-10-30
CAH,2026-02-05
CAH,2026-04-30
CAH,2026-08-11
CARR,2025-02-11
CARR,2025-05-01
CARR,2025-07-29
CARR,2025-10-28
CARR,2026-02-05
CARR,2026-04-30
CARR,2026-07-28
CASY,2024-09-04
CASY,2024-12-09
CASY,2025-03-11
CASY,2025-06-23
CASY,2025-09-08
CASY,2025-12-09
CASY,2026-03-09
CASY,2026-06-09
CAT,2024-08-07
CAT,2024-11-06
CAT,2025-02-14
CAT,2026-04-30
CAT,2026-05-06
CAT,2026-08-04
CB,2024-10-30
CB,2025-02-27
CB,2025-04-28
CB,2025-07-28
CB,2025-10-27
CB,2026-02-27
CB,2026-04-28
CB,2026-07-28
CBOE,2024-08-02
CBOE,2024-11-01
CBOE,2025-02-19
CBOE,2025-05-02
CBOE,2025-08-01
CBOE,2025-10-31
CBOE,2026-02-20
CBOE,2026-05-01
CBOE,2026-07-31
CBRE,2024-10-24
CBRE,2025-02-14
CBRE,2025-07-29
CBRE,2025-10-23
CBRE,2026-02-12
CBRE,2026-04-23
CBRE,2026-07-29
CCI,2025-05-09
CCI,2025-08-06
CCI,2025-11-06
CCI,2026-02-23
CCI,2026-05-07
CCI,2026-07-22
CCL,2024-09-30
CCL,2025-01-27
CCL,2025-03-25
CCL,2025-06-24
CCL,2025-09-29
CCL,2026-01-27
CCL,2026-03-27
CCL,2026-06-26
CDNS,2025-02-21
CDNS,2025-04-30
CDNS,2025-07-29
CDNS,2025-10-29
CDNS,2026-02-19
CDNS,2026-05-01
CDNS,2026-07-29
CDW,2024-10-30
CDW,2025-02-21
CDW,2025-05-07
CDW,2025-11-04
CDW,2026-02-20
CDW,2026-05-06
CDW,2026-08-05
CEG,2024-08-06
CEG,2024-11-04
CEG,2025-02-18
CEG,2025-05-06
CEG,2025-08-07
CEG,2025-11-07
CEG,2026-02-24
CEG,2026-05-11
CEG,2026-08-06
CF,2024-08-08
CF,2024-10-31
CF,2025-02-20
CF,2025-05-08
CF,2025-08-07
CF,2025-11-06
CF,2026-02-25
CF,2026-05-07
CF,2026-08-06
CFG,2024-08-06
CFG,2024-11-04
CFG,2025-02-13
CFG,2025-04-16
CFG,2025-08-04
CFG,2025-10-15
CFG,2026-01-21
CFG,2026-04-16
CFG,2026-08-03
CHD,2024-08-02
CHD,2024-11-01
CHD,2025-02-13
CHD,2025-05-01
CHD,2025-08-01
CHD,2025-10-31
CHD,2026-02-12
CHD,2026-05-01
CHD,2026-07-31
CHRW,2024-08-02
CHRW,2024-11-01
CHRW,2025-02-14
CHRW,2025-05-02
CHRW,2025-08-01
CHRW,2025-10-31
CHRW,2026-02-13
CHRW,2026-05-01
CHRW,2026-07-31
CHTR,2025-04-25
CHTR,2025-07-25
CHTR,2025-10-31
CHTR,2026-01-30
CHTR,2026-04-24
CHTR,2026-07-24
CI,2024-08-01
CI,2024-10-31
CI,2025-02-27
CI,2025-05-02
CI,2025-07-31
CI,2025-10-30
CI,2026-02-26
CI,2026-04-30
CI,2026-07-30
CIEN,2024-09-04
CIEN,2024-12-20
CIEN,2025-03-12
CIEN,2025-06-05
CIEN,2025-09-04
CIEN,2025-12-12
CIEN,2026-03-05
CIEN,2026-06-04
CINF,2024-10-24
CINF,2025-02-14
CINF,2025-04-28
CINF,2025-07-28
CINF,2025-10-27
CINF,2026-02-23
CINF,2026-04-27
CINF,2026-07-27
CL,2024-10-25
CL,2025-02-13
CL,2025-04-25
CL,2025-08-01
CL,2025-10-31
CL,2026-02-23
CL,2026-05-01
CL,2026-07-31
CLX,2024-08-08
CLX,2024-10-30
CLX,2025-02-03
CLX,2025-05-05
CLX,2025-08-08
CLX,2025-11-03
CLX,2026-02-03
CLX,2026-04-30
CLX,2026-08-07
CMCSA,2026-01-29
CMCSA,2026-03-16
CMCSA,2026-04-23
CMCSA,2026-07-23
CME,2024-08-05
CME,2024-11-08
CME,2025-02-27
CME,2025-04-30
CME,2025-07-25
CME,2025-10-22
CME,2026-02-04
CME,2026-04-24
CME,2026-07-24
CMG,2024-10-30
CMG,2025-02-04
CMG,2025-04-23
CMG,2025-07-23
CMG,2025-10-29
CMG,2026-02-04
CMG,2026-04-30
CMG,2026-07-29
CMI,2024-08-01
CMI,2024-11-05
CMI,2025-02-11
CMI,2025-05-05
CMI,2025-08-05
CMI,2025-11-06
CMI,2026-02-10
CMI,2026-05-05
CMI,2026-08-04
CMS,2024-10-31
CMS,2025-02-11
CMS,2025-04-24
CMS,2025-07-31
CMS,2025-10-30
CMS,2026-02-10
CMS,2026-04-28
CMS,2026-07-28
CNC,2024-10-25
CNC,2025-02-18
CNC,2025-04-25
CNC,2025-07-25
CNC,2025-10-29
CNC,2026-02-17
CNC,2026-04-28
CNC,2026-07-28
CNP,2024-10-28
CNP,2025-02-20
CNP,2025-04-24
CNP,2025-07-24
CNP,2025-10-23
CNP,2026-02-19
CNP,2026-04-23
CNP,2026-07-28
COF,2024-08-01
COF,2024-10-31
COF,2025-02-20
COF,2025-05-07
COF,2025-07-30
COF,2025-11-03
COF,2026-01-22
COF,2026-05-07
COF,2026-07-28
COHR,2025-02-05
COHR,2025-05-07
COHR,2025-08-15
COHR,2025-11-05
COHR,2026-02-04
COHR,2026-05-06
COHR,2026-08-14
COIN,2024-10-30
COIN,2025-02-13
COIN,2025-05-08
COIN,2025-07-31
COIN,2025-10-30
COIN,2026-02-12
COIN,2026-05-07
COIN,2026-07-30
COO,2024-08-29
COO,2024-12-06
COO,2025-03-07
COO,2025-05-30
COO,2025-08-28
COO,2025-12-04
COO,2026-03-06
COO,2026-06-05
COP,2024-08-01
COP,2024-10-31
COP,2025-02-18
COP,2025-05-08
COP,2025-08-07
COP,2025-11-06
COP,2026-02-17
COP,2026-04-30
COP,2026-08-06
COR,2025-11-26
COR,2026-02-04
COR,2026-05-06
COR,2026-08-05
COST,2024-10-09
COST,2024-12-19
COST,2025-03-06
COST,2025-06-05
COST,2025-10-08
COST,2025-12-17
COST,2026-03-11
COST,2026-06-03
CPAY,2024-08-07
CPAY,2024-11-08
CPAY,2025-02-27
CPAY,2025-05-12
CPAY,2025-08-07
CPAY,2025-11-10
CPAY,2026-02-27
CPAY,2026-05-08
CPAY,2026-08-10
CPRT,2024-09-30
CPRT,2024-11-26
CPRT,2025-02-26
CPRT,2025-06-03
CPRT,2025-09-26
CPRT,2025-11-24
CPRT,2026-03-03
CPRT,2026-05-29
CPT,2024-08-02
CPT,2024-11-01
CPT,2025-02-20
CPT,2025-05-02
CPT,2025-11-07
CPT,2026-02-12
CPT,2026-05-01
CPT,2026-07-31
CRH,2024-11-07
CRH,2025-02-26
CRH,2025-05-05
CRH,2025-08-08
CRH,2025-11-05
CRH,2026-02-18
CRH,2026-05-13
CRH,2026-07-30
CRL,2024-08-07
CRL,2024-11-06
CRL,2025-02-19
CRL,2025-05-07
CRL,2025-08-06
CRL,2025-11-05
CRL,2026-02-18
CRL,2026-05-07
CRL,2026-08-05
CRM,2024-08-28
CRM,2024-12-03
CRM,2025-03-05
CRM,2026-05-28
CRWD,2026-07-02
CSCO,2024-08-14
CSCO,2024-11-19
CSCO,2025-02-18
CSCO,2025-05-20
CSCO,2025-09-03
CSCO,2025-11-18
CSCO,2026-02-17
CSCO,2026-05-19
CSCO,2026-08-12
CSGP,2026-02-26
CSGP,2026-04-29
CSGP,2026-07-29
CSX,2024-08-05
CSX,2024-10-16
CSX,2025-02-27
CSX,2025-04-16
CSX,2025-07-23
CSX,2025-10-16
CSX,2026-02-12
CSX,2026-04-22
CSX,2026-07-22
CTAS,2024-09-12
CTAS,2024-10-04
CTAS,2025-04-03
CTAS,2025-07-28
CTAS,2025-10-08
CTAS,2026-01-07
CTAS,2026-04-07
CTAS,2026-07-29
CTSH,2024-10-30
CTSH,2025-02-05
CTSH,2025-04-30
CTSH,2025-07-30
CTSH,2025-10-29
CTSH,2026-02-04
CTSH,2026-04-29
CTSH,2026-07-29
CTVA,2024-08-01
CTVA,2024-11-07
CTVA,2025-02-14
CTVA,2025-05-08
CTVA,2025-08-06
CTVA,2025-11-05
CTVA,2026-02-03
CTVA,2026-05-06
CTVA,2026-07-30
CVNA,2026-05-08
CVNA,2026-07-29
CVS,2024-08-07
CVS,2024-11-06
CVS,2025-02-12
CVS,2025-05-01
CVS,2025-07-31
CVS,2025-10-29
CVS,2026-02-10
CVS,2026-05-06
CVS,2026-08-05
CVX,2024-08-07
CVX,2024-11-07
CVX,2025-02-21
CVX,2025-05-08
CVX,2025-08-01
CVX,2025-11-06
CVX,2026-02-24
CVX,2026-05-07
CVX,2026-08-06
D,2024-08-01
D,2025-02-12
D,2025-05-01
D,2025-08-01
D,2025-10-31
D,2026-02-23
D,2026-05-01
D,2026-07-31
DAL,2024-10-10
DAL,2025-02-11
DAL,2025-04-09
DAL,2025-07-10
DAL,2025-10-10
DAL,2026-02-10
DAL,2026-04-08
DAL,2026-07-10
DASH,2024-08-01
DASH,2024-10-30
DASH,2025-02-14
DASH,2025-05-07
DASH,2025-08-06
DASH,2025-11-06
DASH,2026-02-18
DASH,2026-05-06
DASH,2026-08-05
DD,2026-06-24
DD,2026-08-04
DD,2026-08-05
DDOG,2024-08-08
DDOG,2024-11-08
DDOG,2025-02-20
DDOG,2025-05-07
DDOG,2025-08-08
DDOG,2025-11-07
DDOG,2026-02-18
DDOG,2026-05-07
DDOG,2026-08-06
DE,2024-08-29
DE,2024-12-12
DE,2025-02-28
DE,2025-05-29
DE,2025-08-28
DE,2025-12-18
DE,2026-02-26
DE,2026-05-28
DE,2026-08-20
DECK,2024-09-17
DECK,2024-10-31
DECK,2025-02-03
DECK,2025-05-23
DECK,2025-07-31
DECK,2025-10-31
DECK,2026-02-03
DECK,2026-05-22
DECK,2026-07-30
DELL,2025-03-25
DELL,2025-06-10
DELL,2025-09-08
DELL,2025-12-09
DELL,2026-03-16
DELL,2026-06-09
DG,2024-08-29
DG,2024-12-05
DG,2025-03-21
DG,2025-06-03
DG,2025-08-28
DG,2025-12-04
DG,2026-03-20
DG,2026-06-02
DGX,2024-10-23
DGX,2025-02-20
DGX,2025-04-22
DGX,2025-07-23
DGX,2025-10-21
DGX,2026-02-26
DGX,2026-04-22
DGX,2026-07-23
DHI,2024-11-19
DHI,2025-01-23
DHI,2025-04-23
DHI,2025-07-23
DHI,2025-11-19
DHI,2026-01-22
DHI,2026-04-23
DHI,2026-07-23
DHR,2024-10-22
DHR,2025-01-29
DHR,2025-04-22
DHR,2025-07-22
DHR,2025-10-21
DHR,2026-02-24
DHR,2026-04-21
DHR,2026-07-21
DIS,2024-08-07
DIS,2025-05-07
DIS,2025-08-06
DIS,2025-11-13
DIS,2026-02-02
DIS,2026-05-06
DIS,2026-08-05
DLR,2024-08-02
DLR,2024-11-01
DLR,2025-02-24
DLR,2025-05-01
DLR,2025-07-24
DLR,2025-10-31
DLR,2026-02-13
DLR,2026-05-01
DLR,2026-07-23
DLTR,2025-03-26
DLTR,2025-06-04
DLTR,2025-09-03
DLTR,2025-12-03
DLTR,2026-03-16
DLTR,2026-05-28
DOC,2024-10-25
DOC,2025-02-04
DOC,2025-04-24
DOC,2025-07-25
DOC,2025-10-24
DOC,2026-02-02
DOC,2026-05-05
DOC,2026-08-04
DOV,2024-10-24
DOV,2025-02-14
DOV,2025-04-24
DOV,2025-07-24
DOV,2025-10-23
DOV,2026-02-13
DOV,2026-04-23
DOV,2026-07-23
DOW,2024-10-25
DOW,2025-02-04
DOW,2025-04-24
DOW,2025-07-25
DOW,2025-10-23
DOW,2026-02-03
DOW,2026-04-24
DOW,2026-07-24
DPZ,2024-10-10
DPZ,2025-02-24
DPZ,2025-04-28
DPZ,2025-07-21
DPZ,2025-10-14
DPZ,2026-02-23
DPZ,2026-04-27
DPZ,2026-07-20
DRI,2024-09-27
DRI,2025-01-02
DRI,2025-03-20
DRI,2025-07-18
DRI,2025-09-26
DRI,2025-12-30
DRI,2026-03-27
DRI,2026-07-24
DTE,2024-10-24
DTE,2025-02-13
DTE,2025-05-01
DTE,2025-07-29
DTE,2025-10-30
DTE,2026-02-17
DTE,2026-04-30
DTE,2026-07-28
DUK,2024-08-06
DUK,2024-11-07
DUK,2025-02-27
DUK,2025-05-06
DUK,2025-08-05
DUK,2025-11-07
DUK,2026-02-26
DUK,2026-05-05
DUK,2026-08-04
DVA,2024-08-06
DVA,2024-10-29
DVA,2025-02-13
DVA,2025-05-12
DVA,2025-08-05
DVA,2025-10-29
DVA,2026-02-02
DVA,2026-05-05
DVA,2026-08-04
DVN,2024-08-07
DVN,2024-11-06
DVN,2025-02-19
DVN,2025-05-07
DVN,2025-08-06
DVN,2025-11-05
DVN,2026-02-18
DVN,2026-05-06
DVN,2026-08-05
DXCM,2024-10-24
DXCM,2025-02-18
DXCM,2025-05-01
DXCM,2025-07-30
DXCM,2025-10-30
DXCM,2026-02-12
DXCM,2026-04-30
DXCM,2026-07-30
EBAY,2024-08-01
EBAY,2024-10-30
EBAY,2025-02-27
EBAY,2025-10-30
EBAY,2026-02-18
EBAY,2026-04-29
EBAY,2026-08-05
ECHO,2024-08-09
ECHO,2024-11-12
ECHO,2025-02-27
ECHO,2025-05-09
ECHO,2025-08-01
ECHO,2025-11-06
ECHO,2026-03-02
ECHO,2026-05-11
ECHO,2026-08-03
ECL,2024-10-31
ECL,2025-02-21
ECL,2025-05-08
ECL,2025-08-07
ECL,2025-10-30
ECL,2026-02-23
ECL,2026-05-07
ECL,2026-08-06
ED,2024-08-01
ED,2024-11-07
ED,2025-02-20
ED,2025-05-01
ED,2025-08-07
ED,2025-11-06
ED,2026-02-19
ED,2026-05-07
ED,2026-08-06
EFX,2024-10-21
EFX,2025-02-06
EFX,2025-04-22
EFX,2025-07-22
EFX,2025-10-21
EFX,2026-02-04
EFX,2026-04-21
EFX,2026-07-21
EG,2024-08-02
EG,2024-11-05
EG,2025-02-27
EG,2025-05-02
EG,2025-07-30
EG,2025-10-31
EG,2026-02-26
EG,2026-05-05
EG,2026-08-03
EIX,2024-10-29
EIX,2025-02-27
EIX,2025-04-29
EIX,2025-07-31
EIX,2025-10-28
EIX,2026-02-18
EIX,2026-04-28
EIX,2026-07-30
EL,2025-10-30
EL,2026-02-05
EL,2026-05-01
EL,2026-08-19
ELV,2024-10-17
ELV,2025-01-23
ELV,2025-04-22
ELV,2025-07-17
ELV,2025-10-21
ELV,2026-02-06
ELV,2026-04-22
ELV,2026-07-15
EME,2024-10-31
EME,2025-02-26
EME,2025-04-30
EME,2025-07-31
EME,2025-10-30
EME,2026-02-26
EME,2026-04-29
EME,2026-07-30
EMR,2026-02-03
EMR,2026-05-05
EMR,2026-08-04
EOG,2024-08-01
EOG,2024-11-07
EOG,2025-02-27
EOG,2025-05-01
EOG,2025-08-07
EOG,2025-11-06
EOG,2026-02-24
EOG,2026-05-05
EOG,2026-08-04
EQIX,2024-08-07
EQIX,2024-10-30
EQIX,2025-02-12
EQIX,2025-04-30
EQIX,2025-07-30
EQIX,2025-10-29
EQIX,2026-02-11
EQIX,2026-04-29
EQIX,2026-07-29
EQT,2024-10-30
EQT,2025-02-19
EQT,2025-04-23
EQT,2025-07-23
EQT,2025-10-22
EQT,2026-02-18
EQT,2026-04-22
EQT,2026-07-22
ERIE,2024-10-31
ERIE,2025-02-27
ERIE,2025-04-24
ERIE,2025-08-07
ERIE,2025-10-30
ERIE,2026-02-23
ERIE,2026-04-23
ERIE,2026-07-30
ES,2024-08-02
ES,2024-11-06
ES,2025-02-14
ES,2025-05-05
ES,2025-07-31
ES,2025-11-06
ES,2026-02-17
ES,2026-05-07
ES,2026-07-30
ESS,2024-10-30
ESS,2025-02-21
ESS,2025-04-30
ESS,2025-07-30
ESS,2025-10-30
ESS,2026-02-20
ESS,2026-04-29
ESS,2026-07-30
ETN,2024-08-01
ETN,2024-10-31
ETN,2025-02-27
ETN,2025-05-02
ETN,2025-08-05
ETN,2025-11-04
ETN,2026-02-26
ETN,2026-05-05
ETN,2026-07-31
ETR,2024-12-13
ETR,2025-02-18
ETR,2025-05-02
ETR,2025-08-01
ETR,2025-10-29
ETR,2026-02-19
ETR,2026-04-29
ETR,2026-07-29
EVRG,2024-08-09
EVRG,2024-11-07
EVRG,2025-02-27
EVRG,2025-05-08
EVRG,2025-08-07
EVRG,2025-11-06
EVRG,2026-02-19
EVRG,2026-05-07
EVRG,2026-08-06
EW,2024-11-06
EW,2025-02-28
EW,2025-05-06
EW,2025-08-06
EW,2025-11-05
EW,2026-02-20
EW,2026-05-06
EW,2026-08-04
EXC,2024-08-01
EXC,2024-10-30
EXC,2025-02-12
EXC,2025-05-01
EXC,2025-07-31
EXC,2025-11-04
EXC,2026-02-12
EXC,2026-05-06
EXC,2026-07-30
EXE,2024-10-29
EXE,2025-02-26
EXE,2025-04-29
EXE,2025-07-29
EXE,2025-10-28
EXE,2026-02-18
EXE,2026-04-28
EXE,2026-07-28
EXPD,2024-08-08
EXPD,2024-11-05
EXPD,2025-02-21
EXPD,2025-05-08
EXPD,2025-08-07
EXPD,2025-11-06
EXPD,2026-02-25
EXPD,2026-05-06
EXPD,2026-08-05
EXPE,2024-08-09
EXPE,2024-11-08
EXPE,2025-02-06
EXPE,2025-05-08
EXPE,2025-08-08
EXPE,2025-11-07
EXPE,2026-02-13
EXPE,2026-05-08
EXPE,2026-08-06
EXR,2024-08-02
EXR,2024-11-04
EXR,2025-02-28
EXR,2025-05-02
EXR,2025-08-01
EXR,2025-10-31
EXR,2026-02-20
EXR,2026-05-01
EXR,2026-07-31
F,2024-10-29
F,2025-02-06
F,2025-05-05
F,2025-07-30
F,2025-10-23
F,2026-02-11
F,2026-04-29
F,2026-07-29
FANG,2024-08-07
FANG,2024-11-07
FANG,2025-02-26
FANG,2025-05-07
FANG,2025-08-06
FANG,2025-11-05
FANG,2026-02-25
FANG,2026-05-06
FANG,2026-08-03
FAST,2025-05-22
FAST,2025-07-17
FAST,2025-10-16
FAST,2026-02-05
FAST,2026-04-16
FAST,2026-07-16
FCX,2024-08-07
FCX,2024-11-08
FCX,2025-02-14
FCX,2025-05-08
FCX,2025-08-08
FCX,2025-11-06
FCX,2026-02-13
FCX,2026-05-08
FCX,2026-08-08
FDS,2024-10-29
FDS,2025-01-08
FDS,2025-04-04
FDS,2025-07-03
FDS,2025-10-22
FDS,2026-01-05
FDS,2026-04-02
FDS,2026-07-01
FDX,2024-09-19
FDX,2024-12-19
FDX,2025-03-20
FDX,2025-07-21
FDX,2025-09-18
FDX,2025-12-18
FDX,2026-03-19
FDX,2026-07-20
FDXF,2026-05-13
FDXF,2026-08-05
FE,2024-10-29
FE,2025-02-27
FE,2025-04-30
FE,2025-07-30
FE,2025-10-28
FE,2026-02-18
FE,2026-04-28
FE,2026-07-28
FERG,2024-09-25
FERG,2024-12-10
FERG,2025-06-03
FERG,2025-09-26
FERG,2026-05-05
FERG,2026-08-10
FFIV,2024-08-06
FFIV,2024-11-18
FFIV,2025-02-07
FFIV,2025-05-06
FFIV,2025-08-06
FFIV,2025-11-25
FFIV,2026-02-05
FFIV,2026-05-05
FFIV,2026-08-06
FICO,2024-11-06
FICO,2025-02-04
FICO,2025-04-29
FICO,2025-07-30
FICO,2025-11-07
FICO,2026-01-28
FICO,2026-04-28
FICO,2026-07-29
FIS,2024-11-04
FIS,2025-02-13
FIS,2025-05-06
FIS,2025-08-05
FIS,2025-11-05
FIS,2026-02-24
FIS,2026-05-08
FIS,2026-08-04
FISV,2024-10-23
FISV,2025-02-20
FISV,2025-04-25
FISV,2025-07-24
FISV,2025-10-30
FISV,2026-02-19
FISV,2026-05-06
FISV,2026-08-07
FITB,2024-08-06
FITB,2024-11-05
FITB,2025-02-24
FITB,2025-05-06
FITB,2025-08-05
FITB,2025-11-04
FITB,2026-02-24
FITB,2026-05-05
FITB,2026-08-04
FIX,2024-10-24
FIX,2025-02-20
FIX,2025-04-24
FIX,2025-07-24
FIX,2025-10-23
FIX,2026-02-19
FIX,2026-04-23
FIX,2026-07-23
FLEX,2025-01-31
FLEX,2026-05-20
FLEX,2026-07-29
FOX,2024-08-08
FOX,2025-08-06
FOX,2025-10-30
FOX,2026-02-04
FOX,2026-05-11
FOX,2026-08-06
FOXA,2024-08-08
FOXA,2025-08-06
FOXA,2025-10-30
FOXA,2026-02-04
FOXA,2026-05-11
FOXA,2026-08-06
FRT,2024-08-01
FRT,2025-02-13
FRT,2025-05-08
FRT,2025-08-06
FRT,2025-10-31
FRT,2026-02-12
FRT,2026-05-01
FRT,2026-07-31
FSLR,2024-10-29
FSLR,2025-02-25
FSLR,2025-04-29
FSLR,2025-07-31
FSLR,2025-10-30
FSLR,2026-02-24
FSLR,2026-04-30
FSLR,2026-07-30
FTNT,2024-08-06
FTNT,2024-11-08
FTNT,2025-02-21
FTNT,2025-05-08
FTNT,2025-08-06
FTNT,2025-11-06
FTNT,2026-02-25
FTNT,2026-05-07
FTNT,2026-07-30
FTV,2025-02-07
FTV,2025-05-01
FTV,2025-07-30
FTV,2025-10-29
FTV,2026-02-04
FTV,2026-04-30
FTV,2026-07-29
GD,2024-10-23
GD,2025-02-07
GD,2025-04-23
GD,2025-07-23
GD,2025-10-24
GD,2026-01-30
GD,2026-04-29
GD,2026-07-29
GDDY,2024-08-02
GDDY,2024-10-30
GDDY,2025-02-20
GDDY,2025-05-01
GDDY,2025-08-08
GDDY,2025-10-30
GDDY,2026-02-24
GDDY,2026-04-30
GDDY,2026-07-31
GE,2024-10-22
GE,2025-02-03
GE,2025-04-22
GE,2026-03-24
GE,2026-04-21
GE,2026-07-16
GEHC,2024-10-30
GEHC,2025-02-13
GEHC,2025-04-30
GEHC,2025-07-30
GEHC,2025-10-29
GEHC,2026-02-04
GEHC,2026-04-29
GEHC,2026-07-29
GEN,2024-08-07
GEN,2024-10-30
GEN,2025-01-31
GEN,2025-05-15
GEN,2025-08-13
GEN,2025-11-07
GEN,2026-02-05
GEN,2026-05-07
GEN,2026-08-07
GEV,2024-10-23
GEV,2025-02-06
GEV,2026-04-22
GEV,2026-07-22
GILD,2024-08-08
GILD,2024-11-12
GILD,2025-02-28
GILD,2025-05-07
GILD,2025-08-07
GILD,2025-11-07
GILD,2026-02-24
GILD,2026-05-07
GILD,2026-08-06
GIS,2024-09-18
GIS,2024-12-18
GIS,2025-03-19
GIS,2025-06-26
GIS,2025-09-17
GIS,2025-12-17
GIS,2026-03-18
GIS,2026-07-02
GL,2024-08-07
GL,2024-11-06
GL,2025-02-05
GL,2025-05-07
GL,2025-08-06
GL,2025-11-05
GL,2026-02-04
GL,2026-04-22
GL,2026-08-05
GLW,2025-04-29
GLW,2025-07-29
GLW,2025-08-01
GLW,2025-10-31
GLW,2026-05-01
GLW,2026-07-28
GM,2024-10-22
GM,2025-01-28
GM,2025-04-29
GM,2025-07-22
GM,2025-10-21
GM,2026-01-27
GM,2026-04-28
GM,2026-07-21
GNRC,2024-08-06
GNRC,2024-11-05
GNRC,2025-02-19
GNRC,2026-05-05
GNRC,2026-08-04
GOOGL,2024-10-29
GOOGL,2025-02-05
GOOGL,2025-04-24
GOOGL,2025-07-24
GOOGL,2025-10-29
GOOGL,2026-02-04
GOOGL,2026-04-29
GOOGL,2026-07-22
GPC,2024-10-22
GPC,2025-02-21
GPC,2025-04-22
GPC,2025-07-22
GPC,2025-10-21
GPC,2026-02-17
GPC,2026-04-21
GPC,2026-07-21
GPN,2025-08-06
GPN,2025-11-04
GPN,2026-02-20
GPN,2026-08-05
GRMN,2025-04-30
GRMN,2025-07-30
GRMN,2025-10-29
GRMN,2026-02-18
GRMN,2026-04-29
GRMN,2026-07-29
GS,2024-08-01
GS,2024-11-04
GS,2025-02-26
GS,2025-04-14
GS,2025-08-01
GS,2025-10-31
GS,2026-02-25
GS,2026-05-01
GS,2026-08-03
GWW,2025-02-20
GWW,2025-05-01
GWW,2025-08-01
GWW,2025-10-31
GWW,2026-02-03
GWW,2026-05-07
GWW,2026-08-04
HAL,2024-11-07
HAL,2025-02-12
HAL,2025-04-25
HAL,2025-07-25
HAL,2025-10-24
HAL,2026-02-06
HAL,2026-04-24
HAL,2026-07-24
HAS,2024-10-31
HAS,2025-02-27
HAS,2025-05-06
HAS,2025-07-23
HAS,2025-11-05
HAS,2026-02-25
HAS,2026-05-13
HAS,2026-07-30
HBAN,2024-10-29
HBAN,2025-02-14
HBAN,2025-04-29
HBAN,2025-07-29
HBAN,2025-10-28
HBAN,2026-02-13
HBAN,2026-04-30
HBAN,2026-07-28
HCA,2024-10-31
HCA,2025-02-13
HCA,2025-05-01
HCA,2025-08-04
HCA,2025-10-30
HCA,2026-02-10
HCA,2026-04-29
HCA,2026-07-28
HD,2024-08-13
HD,2024-11-19
HD,2025-03-20
HD,2025-05-27
HD,2025-08-19
HD,2025-11-18
HD,2026-03-18
HD,2026-05-19
HD,2026-08-18
HIG,2024-10-24
HIG,2025-02-21
HIG,2026-07-23
HII,2024-08-01
HII,2024-10-31
HII,2025-02-06
HII,2025-05-01
HII,2025-07-31
HII,2025-10-30
HII,2026-02-05
HII,2026-05-05
HII,2026-07-30
HLT,2024-08-07
HLT,2024-10-23
HLT,2025-02-06
HLT,2025-04-29
HLT,2025-07-23
HLT,2025-10-22
HLT,2026-02-11
HLT,2026-04-28
HLT,2026-07-28
HON,2026-06-29
HON,2026-07-23
HONA,2026-08-05
HOOD,2024-08-08
HOOD,2024-10-31
HOOD,2025-02-18
HOOD,2025-05-01
HOOD,2025-07-31
HOOD,2025-11-06
HOOD,2026-02-18
HOOD,2026-04-29
HOOD,2026-07-29
HPE,2024-12-05
HPE,2026-03-09
HPE,2026-03-10
HPE,2026-06-01
HPQ,2026-02-25
HPQ,2026-03-04
HPQ,2026-05-27
HRL,2024-09-04
HRL,2024-12-04
HRL,2025-02-27
HRL,2025-05-29
HRL,2025-08-28
HRL,2025-12-05
HRL,2026-02-26
HRL,2026-05-28
HSIC,2025-02-25
HSIC,2025-05-05
HSIC,2025-08-05
HSIC,2025-11-04
HSIC,2026-02-24
HSIC,2026-05-05
HSIC,2026-08-04
HST,2024-11-08
HST,2025-02-26
HST,2025-05-02
HST,2025-08-01
HST,2025-11-07
HST,2026-02-25
HST,2026-05-08
HST,2026-08-07
HSY,2024-08-01
HSY,2024-11-07
HSY,2025-02-18
HSY,2025-05-01
HSY,2025-07-30
HSY,2025-10-30
HSY,2026-02-17
HSY,2026-04-30
HSY,2026-07-30
HUBB,2025-02-13
HUBB,2025-05-02
HUBB,2025-07-29
HUBB,2025-10-29
HUBB,2026-02-12
HUBB,2026-05-01
HUBB,2026-07-29
HUM,2024-10-30
HUM,2025-02-20
HUM,2025-04-30
HUM,2025-07-30
HUM,2025-11-05
HUM,2026-02-11
HUM,2026-04-29
HUM,2026-07-29
HWM,2024-11-06
HWM,2025-02-13
HWM,2025-05-01
HWM,2025-07-31
HWM,2025-10-30
HWM,2026-02-12
HWM,2026-05-07
HWM,2026-08-06
IBKR,2025-06-18
IBKR,2025-08-06
IBKR,2025-11-05
IBKR,2026-02-27
IBKR,2026-05-07
IBKR,2026-08-06
IBM,2024-10-30
IBM,2025-02-25
IBM,2025-04-24
IBM,2025-07-24
IBM,2025-10-23
IBM,2026-02-24
IBM,2026-04-23
IBM,2026-07-23
ICE,2024-08-01
ICE,2024-10-31
ICE,2025-02-06
ICE,2025-05-01
ICE,2025-07-31
ICE,2025-10-30
ICE,2026-02-05
ICE,2026-04-30
ICE,2026-07-30
IDXX,2024-08-06
IDXX,2024-10-31
IDXX,2025-02-21
IDXX,2025-05-01
IDXX,2025-08-04
IDXX,2025-11-03
IDXX,2026-02-20
IDXX,2026-05-05
IDXX,2026-08-04
IEX,2024-08-01
IEX,2024-10-30
IEX,2025-02-20
IEX,2025-05-01
IEX,2025-07-30
IEX,2025-10-29
IEX,2026-02-19
IEX,2026-04-29
IEX,2026-07-29
IFF,2025-05-06
IFF,2025-11-04
IFF,2026-02-27
IFF,2026-05-05
IFF,2026-08-04
INCY,2024-10-29
INCY,2025-02-10
INCY,2025-04-29
INCY,2025-07-29
INCY,2025-10-28
INCY,2026-02-10
INCY,2026-04-28
INCY,2026-07-28
INTC,2025-04-24
INTC,2025-04-25
INTC,2025-07-24
INTC,2025-11-06
INTC,2026-01-23
INTC,2026-04-23
INTC,2026-07-23
INTU,2025-11-20
INTU,2026-05-20
INVH,2024-10-30
INVH,2025-02-27
INVH,2025-04-30
INVH,2025-07-31
INVH,2025-10-30
INVH,2026-02-19
INVH,2026-04-29
INVH,2026-07-29
IP,2024-10-31
IP,2025-11-06
IP,2026-02-27
IP,2026-05-05
IP,2026-08-05
IQV,2024-10-31
IQV,2025-02-13
IQV,2025-05-06
IQV,2025-07-22
IQV,2025-10-28
IQV,2026-02-17
IQV,2026-05-05
IQV,2026-07-28
IR,2024-08-02
IR,2024-11-01
IR,2025-02-19
IR,2025-05-02
IR,2025-07-31
IR,2025-10-31
IR,2026-02-17
IR,2026-04-29
IR,2026-07-31
IRM,2024-08-01
IRM,2024-11-06
IRM,2025-02-14
IRM,2025-05-01
IRM,2025-08-06
IRM,2025-11-05
IRM,2026-02-12
IRM,2026-04-30
IRM,2026-08-05
ISRG,2024-10-18
ISRG,2025-01-31
ISRG,2025-04-23
ISRG,2025-07-23
ISRG,2025-10-22
ISRG,2026-02-03
ISRG,2026-04-22
ISRG,2026-07-21
IT,2025-02-04
IT,2025-05-06
IT,2025-08-05
IT,2025-11-04
IT,2026-02-12
IT,2026-05-05
IT,2026-08-04
ITW,2024-08-02
ITW,2024-10-30
ITW,2025-02-05
ITW,2025-05-01
ITW,2025-07-31
ITW,2025-10-24
ITW,2026-02-13
ITW,2026-05-07
ITW,2026-08-06
IVZ,2024-10-29
IVZ,2025-02-25
IVZ,2025-04-28
IVZ,2025-07-22
IVZ,2025-11-04
IVZ,2026-02-24
IVZ,2026-05-05
IVZ,2026-07-28
J,2024-11-25
J,2025-02-04
J,2025-05-06
J,2025-08-05
J,2025-11-20
J,2026-02-03
J,2026-05-05
J,2026-08-04
JBHT,2024-10-25
JBHT,2025-02-21
JBHT,2025-04-25
JBHT,2025-07-24
JBHT,2025-10-24
JBHT,2026-02-24
JBHT,2026-04-15
JBHT,2026-07-24
JBL,2024-10-28
JBL,2025-01-10
JBL,2025-04-08
JBL,2025-06-30
JBL,2025-10-17
JBL,2026-01-09
JBL,2026-04-08
JBL,2026-06-30
JCI,2025-02-05
JCI,2025-05-07
JCI,2025-08-06
JCI,2025-11-14
JCI,2026-02-04
JCI,2026-05-06
JCI,2026-07-29
JKHY,2024-08-26
JKHY,2024-11-08
JKHY,2025-02-07
JKHY,2025-05-12
JKHY,2025-08-19
JKHY,2025-11-07
JKHY,2026-02-06
JKHY,2026-05-07
JKHY,2026-08-18
JNJ,2025-04-23
JNJ,2025-07-24
JNJ,2025-10-22
JNJ,2026-02-11
JNJ,2026-04-22
JNJ,2026-07-23
JPM,2024-08-02
JPM,2024-10-11
JPM,2025-02-15
JPM,2025-05-01
JPM,2025-08-05
JPM,2025-10-14
JPM,2026-02-13
JPM,2026-05-01
JPM,2026-08-06
KDP,2024-10-24
KDP,2025-02-25
KDP,2025-04-24
KDP,2025-07-24
KDP,2025-10-28
KDP,2026-02-24
KDP,2026-04-23
KDP,2026-08-10
KEY,2024-11-06
KEY,2025-02-18
KEY,2025-05-06
KEY,2025-08-07
KEY,2025-11-04
KEY,2026-01-20
KEY,2026-05-05
KEY,2026-07-21
KEYS,2024-08-29
KEYS,2024-12-17
KEYS,2025-03-06
KEYS,2025-06-03
KEYS,2025-08-29
KEYS,2025-12-17
KEYS,2026-03-05
KEYS,2026-06-04
KEYS,2026-08-18
KHC,2024-10-30
KHC,2025-02-13
KHC,2025-04-29
KHC,2025-10-29
KHC,2026-02-12
KHC,2026-05-06
KHC,2026-08-05
KIM,2024-08-01
KIM,2024-10-31
KIM,2025-02-07
KIM,2025-05-01
KIM,2025-08-01
KIM,2025-10-30
KIM,2026-02-20
KIM,2026-04-30
KIM,2026-08-04
KKR,2024-08-09
KKR,2024-11-05
KKR,2025-02-28
KKR,2025-05-09
KKR,2025-08-08
KKR,2025-11-07
KKR,2026-02-27
KKR,2026-05-08
KKR,2026-08-06
KLAC,2026-06-12
KLAC,2026-08-06
KMB,2026-02-12
KMB,2026-04-28
KMB,2026-08-04
KMI,2024-10-18
KMI,2025-02-13
KMI,2025-04-18
KMI,2025-07-18
KMI,2025-10-24
KMI,2026-02-13
KMI,2026-04-24
KMI,2026-07-24
KO,2024-10-23
KO,2025-02-20
KO,2025-04-29
KO,2025-07-22
KO,2025-10-23
KO,2026-02-20
KO,2026-04-30
KO,2026-07-29
KR,2024-09-20
KR,2024-12-13
KR,2025-04-01
KR,2025-06-27
KR,2025-09-19
KR,2025-12-12
KR,2026-03-31
KR,2026-06-18
KVUE,2024-08-06
KVUE,2024-11-07
KVUE,2025-02-24
KVUE,2025-05-08
KVUE,2025-08-07
KVUE,2025-11-03
KVUE,2026-02-17
KVUE,2026-05-07
KVUE,2026-08-06
L,2024-11-04
L,2025-02-11
L,2025-05-05
L,2025-08-04
L,2025-11-03
L,2026-02-10
L,2026-05-04
L,2026-08-03
LDOS,2024-10-29
LDOS,2025-02-11
LDOS,2025-05-06
LDOS,2025-08-05
LDOS,2025-11-04
LDOS,2026-02-17
LDOS,2026-05-05
LDOS,2026-08-04
LEN,2024-10-02
LEN,2025-01-23
LEN,2025-04-04
LEN,2025-06-16
LEN,2025-10-03
LEN,2026-01-28
LEN,2026-04-09
LEN,2026-06-29
LH,2024-08-01
LH,2024-10-29
LH,2025-02-25
LH,2025-04-29
LH,2025-08-01
LH,2025-10-31
LH,2026-02-24
LH,2026-05-04
LH,2026-08-05
LHX,2025-04-24
LHX,2025-07-24
LHX,2025-10-30
LHX,2026-02-12
LHX,2026-04-30
LHX,2026-07-30
LII,2024-10-23
LII,2025-10-22
LII,2026-02-17
LII,2026-04-29
LII,2026-07-29
LIN,2024-08-02
LIN,2024-10-31
LIN,2025-02-26
LIN,2025-05-01
LIN,2025-08-01
LIN,2025-10-31
LIN,2026-02-25
LIN,2026-05-01
LIN,2026-07-31
LITE,2024-08-21
LITE,2024-11-08
LITE,2025-02-06
LITE,2025-05-07
LITE,2025-08-19
LITE,2025-11-05
LITE,2026-02-04
LITE,2026-05-06
LITE,2026-08-17
LLY,2024-08-08
LLY,2024-10-30
LLY,2025-05-01
LLY,2025-08-07
LLY,2025-10-30
LLY,2026-02-12
LLY,2026-04-30
LLY,2026-08-05
LMT,2024-10-22
LMT,2025-01-28
LMT,2025-04-22
LMT,2025-07-22
LMT,2025-10-21
LMT,2026-01-29
LMT,2026-04-23
LMT,2026-07-23
LNT,2024-08-02
LNT,2024-11-01
LNT,2025-02-21
LNT,2025-05-09
LNT,2025-08-08
LNT,2025-11-07
LNT,2026-02-20
LNT,2026-05-01
LNT,2026-07-31
LOW,2024-08-29
LOW,2024-11-27
LOW,2025-03-24
LOW,2025-05-29
LOW,2025-08-28
LOW,2025-11-26
LOW,2026-03-23
LOW,2026-05-28
LOW,2026-08-19
LRCX,2024-10-03
LRCX,2024-10-28
LRCX,2025-01-31
LRCX,2025-04-25
LRCX,2025-08-11
LRCX,2025-10-24
LRCX,2026-01-29
LRCX,2026-04-23
LRCX,2026-08-07
LULU,2024-08-29
LULU,2024-12-05
LULU,2025-03-27
LULU,2025-06-05
LULU,2025-09-04
LULU,2025-12-11
LULU,2026-03-17
LULU,2026-06-04
LUV,2024-10-28
LUV,2025-02-07
LUV,2025-04-25
LUV,2025-07-24
LUV,2025-10-23
LUV,2026-02-05
LUV,2026-04-23
LUV,2026-07-23
LVS,2024-10-25
LVS,2025-02-08
LVS,2025-04-25
LVS,2025-07-23
LVS,2025-10-24
LVS,2026-02-06
LVS,2026-04-24
LVS,2026-07-24
LYB,2025-04-25
LYB,2025-08-01
LYB,2025-10-31
LYB,2026-02-20
LYB,2026-05-01
LYB,2026-07-31
LYV,2024-11-12
LYV,2025-02-20
LYV,2025-05-01
LYV,2025-08-07
LYV,2025-11-04
LYV,2026-02-19
LYV,2026-05-05
LYV,2026-07-30
MA,2024-10-31
MA,2025-02-12
MA,2025-05-01
MA,2025-07-31
MA,2025-10-30
MA,2026-02-11
MA,2026-04-30
MA,2026-07-30
MAA,2024-08-01
MAA,2024-10-31
MAA,2025-02-07
MAA,2025-05-01
MAA,2025-07-31
MAA,2025-10-30
MAA,2026-02-06
MAA,2026-04-30
MAA,2026-07-30
MAR,2024-11-04
MAR,2025-02-11
MAR,2025-05-06
MAR,2025-08-05
MAR,2025-11-04
MAR,2026-02-10
MAR,2026-05-06
MAR,2026-08-03
MAS,2024-10-29
MAS,2025-02-11
MAS,2025-04-23
MAS,2025-07-31
MAS,2025-10-29
MAS,2026-02-10
MAS,2026-04-22
MAS,2026-07-29
MCD,2024-08-08
MCD,2024-11-07
MCD,2025-02-25
MCD,2025-05-12
MCD,2025-08-06
MCD,2025-11-05
MCD,2026-02-24
MCD,2026-05-07
MCD,2026-08-07
MCHP,2024-08-01
MCHP,2024-11-05
MCHP,2025-02-06
MCHP,2025-05-23
MCHP,2025-08-07
MCHP,2025-11-06
MCHP,2026-02-05
MCHP,2026-05-21
MCHP,2026-08-06
MCK,2025-09-18
MCK,2025-11-06
MCK,2026-02-04
MCK,2026-05-08
MCK,2026-08-05
MCO,2024-10-23
MCO,2025-02-13
MCO,2025-04-23
MCO,2025-07-24
MCO,2025-10-23
MCO,2026-02-18
MCO,2026-04-23
MCO,2026-07-23
MDLZ,2024-10-29
MDLZ,2025-02-05
MDLZ,2025-04-29
MDLZ,2025-07-29
MDLZ,2025-10-28
MDLZ,2026-02-04
MDLZ,2026-04-28
MDLZ,2026-07-28
MDT,2024-08-27
MDT,2024-11-26
MDT,2025-02-25
MDT,2025-06-20
MDT,2025-08-26
MDT,2025-11-25
MDT,2026-02-24
MDT,2026-06-18
MET,2024-08-01
MET,2024-11-01
MET,2025-02-21
MET,2026-02-04
MET,2026-02-19
MET,2026-05-07
MET,2026-08-05
META,2024-08-01
META,2024-10-31
META,2025-01-30
META,2025-04-30
META,2025-07-31
META,2025-10-30
META,2026-01-29
META,2026-04-29
META,2026-07-30
MGM,2024-10-30
MGM,2025-04-30
MGM,2025-07-30
MGM,2025-10-29
MGM,2026-02-11
MGM,2026-04-29
MGM,2026-07-29
MKC,2024-10-01
MKC,2025-01-23
MKC,2025-03-25
MKC,2025-06-26
MKC,2025-10-07
MKC,2026-01-22
MKC,2026-03-31
MKC,2026-06-25
MLM,2024-08-08
MLM,2025-11-04
MLM,2026-02-19
MLM,2026-04-30
MLM,2026-07-30
MMM,2024-10-22
MMM,2025-02-05
MMM,2025-04-22
MMM,2025-07-18
MMM,2025-10-21
MMM,2026-02-03
MMM,2026-04-21
MMM,2026-07-21
MNST,2026-08-11
MO,2024-10-31
MO,2025-02-26
MO,2025-04-29
MO,2025-07-30
MO,2025-10-30
MO,2026-02-25
MO,2026-04-30
MO,2026-07-30
MOS,2024-08-07
MOS,2024-11-12
MOS,2025-03-03
MOS,2025-05-07
MOS,2025-08-06
MOS,2025-11-05
MOS,2026-02-27
MOS,2026-05-11
MOS,2026-08-04
MPC,2025-02-27
MPC,2025-05-06
MPC,2025-08-05
MPC,2025-11-04
MPC,2026-02-26
MPC,2026-05-05
MPC,2026-08-04
MPWR,2024-08-01
MPWR,2024-11-06
MPWR,2025-05-05
MPWR,2025-08-04
MPWR,2025-11-05
MPWR,2026-02-27
MPWR,2026-04-30
MPWR,2026-08-05
MRK,2024-08-05
MRK,2024-11-06
MRK,2025-02-25
MRK,2025-05-02
MRK,2025-08-05
MRK,2025-11-05
MRK,2026-02-24
MRK,2026-05-04
MRK,2026-08-07
MRNA,2024-08-01
MRNA,2025-02-21
MRNA,2025-05-01
MRNA,2025-08-01
MRNA,2025-11-06
MRNA,2026-02-20
MRNA,2026-05-01
MRNA,2026-07-31
MRSH,2024-10-17
MRSH,2025-02-10
MRSH,2025-04-17
MRSH,2025-07-17
MRSH,2025-10-16
MRSH,2026-02-09
MRSH,2026-04-16
MRSH,2026-07-21
MRVL,2024-08-30
MRVL,2024-12-04
MRVL,2025-03-12
MRVL,2025-05-30
MRVL,2025-08-29
MRVL,2025-12-03
MRVL,2026-03-11
MRVL,2026-05-28
MS,2024-08-05
MS,2024-10-31
MS,2025-02-21
MS,2025-05-05
MS,2025-08-04
MS,2025-11-03
MS,2026-02-19
MS,2026-05-05
MS,2026-08-04
MSCI,2024-10-31
MSCI,2025-02-07
MSCI,2025-04-22
MSCI,2025-07-22
MSCI,2025-10-28
MSCI,2026-02-06
MSCI,2026-04-21
MSCI,2026-07-21
MSFT,2024-10-30
MSFT,2025-01-29
MSFT,2025-04-30
MSFT,2025-07-30
MSFT,2025-10-29
MSFT,2026-01-28
MSFT,2026-04-29
MSFT,2026-07-29
MSI,2024-08-01
MSI,2024-11-07
MSI,2025-02-14
MSI,2025-05-01
MSI,2025-08-07
MSI,2025-10-30
MSI,2026-02-12
MSI,2026-05-07
MSI,2026-08-05
MTB,2024-08-05
MTB,2024-11-05
MTB,2025-05-05
MTB,2025-08-04
MTB,2025-10-27
MTB,2026-02-18
MTB,2026-05-05
MTB,2026-08-04
MTD,2024-08-02
MTD,2024-11-08
MTD,2025-02-07
MTD,2025-05-02
MTD,2025-07-31
MTD,2025-11-07
MTD,2026-02-06
MTD,2026-05-08
MTD,2026-07-31
MU,2024-12-19
MU,2025-03-21
MU,2025-10-03
MU,2025-12-18
MU,2026-03-18
MU,2026-06-25
NCLH,2024-11-07
NCLH,2025-02-27
NCLH,2025-05-05
NCLH,2025-08-04
NCLH,2025-11-04
NCLH,2026-03-02
NCLH,2026-05-04
NCLH,2026-07-30
NDAQ,2024-08-06
NDAQ,2024-10-29
NDAQ,2025-02-21
NDAQ,2025-04-28
NDAQ,2025-07-25
NDAQ,2025-10-21
NDAQ,2026-02-12
NDAQ,2026-04-23
NDAQ,2026-07-23
NDSN,2024-08-21
NDSN,2024-12-18
NDSN,2025-02-20
NDSN,2025-05-29
NDSN,2025-08-21
NDSN,2025-12-17
NDSN,2026-02-19
NDSN,2026-05-21
NDSN,2026-08-20
NEE,2024-10-23
NEE,2025-02-14
NEE,2025-04-23
NEE,2025-07-23
NEE,2025-10-28
NEE,2026-02-13
NEE,2026-04-23
NEE,2026-07-24
NEM,2024-10-24
NEM,2025-02-21
NEM,2025-04-24
NEM,2025-07-24
NEM,2025-10-24
NEM,2026-02-19
NEM,2026-04-23
NEM,2026-07-23
NFLX,2025-11-17
NFLX,2026-01-23
NFLX,2026-04-17
NFLX,2026-07-17
NI,2024-08-07
NI,2024-10-30
NI,2025-02-12
NI,2025-05-07
NI,2025-08-06
NI,2025-10-29
NI,2026-02-11
NI,2026-05-06
NI,2026-08-05
NKE,2024-10-07
NKE,2025-01-03
NKE,2025-04-03
NKE,2025-07-17
NKE,2025-10-01
NKE,2025-12-30
NKE,2026-04-01
NKE,2026-07-15
NOC,2025-01-30
NOC,2025-04-22
NOC,2025-07-22
NOC,2025-10-21
NOC,2026-01-27
NOC,2026-04-21
NOC,2026-07-21
NOW,2025-12-18
NOW,2026-01-28
NOW,2026-04-23
NOW,2026-07-22
NRG,2024-08-08
NRG,2024-11-08
NRG,2025-02-26
NRG,2025-05-12
NRG,2025-08-06
NRG,2025-11-06
NRG,2026-02-24
NRG,2026-05-06
NRG,2026-08-04
NSC,2024-10-22
NSC,2025-02-10
NSC,2025-04-23
NSC,2025-07-29
NSC,2025-10-23
NSC,2026-02-09
NSC,2026-04-24
NSC,2026-07-23
NTAP,2024-08-28
NTAP,2024-11-25
NTAP,2025-02-27
NTAP,2025-06-09
NTAP,2025-08-27
NTAP,2025-11-25
NTAP,2026-02-26
NTAP,2026-06-05
NTRS,2024-08-01
NTRS,2024-10-29
NTRS,2025-02-24
NTRS,2025-04-30
NTRS,2025-07-23
NTRS,2025-10-30
NTRS,2026-02-09
NTRS,2026-04-30
NTRS,2026-07-30
NUE,2024-08-07
NUE,2024-11-06
NUE,2025-02-27
NUE,2025-05-14
NUE,2025-08-13
NUE,2025-10-27
NUE,2026-01-26
NUE,2026-04-27
NUE,2026-08-12
NVDA,2024-08-28
NVDA,2024-11-20
NVDA,2025-02-26
NVDA,2025-08-27
NVDA,2025-11-19
NVDA,2026-02-25
NVDA,2026-05-20
NVR,2024-08-06
NVR,2024-11-05
NVR,2025-02-12
NVR,2025-05-05
NVR,2025-07-23
NVR,2025-11-05
NVR,2026-02-11
NVR,2026-05-06
NVR,2026-08-05
NWS,2024-08-13
NWS,2024-11-08
NWS,2025-02-06
NWS,2025-05-09
NWS,2025-08-06
NWS,2025-11-07
NWS,2026-02-06
NWS,2026-05-08
NWS,2026-08-07
NWSA,2024-08-13
NWSA,2024-11-08
NWSA,2025-02-06
NWSA,2025-05-09
NWSA,2025-08-06
NWSA,2025-11-07
NWSA,2026-02-06
NWSA,2026-05-08
NWSA,2026-08-07
NXPI,2026-02-19
NXPI,2026-04-28
NXPI,2026-07-28
O,2024-08-06
O,2024-11-05
O,2025-02-25
O,2025-05-06
O,2025-08-07
O,2025-11-04
O,2026-02-25
O,2026-05-07
O,2026-08-05
ODFL,2024-08-05
ODFL,2024-11-06
ODFL,2025-02-25
ODFL,2025-05-06
ODFL,2025-08-06
ODFL,2025-11-06
ODFL,2026-02-24
ODFL,2026-05-06
ODFL,2026-08-05
OKE,2024-08-06
OKE,2024-10-30
OKE,2025-02-25
OKE,2025-04-29
OKE,2025-08-04
OKE,2025-10-29
OKE,2026-02-24
OKE,2026-04-29
OKE,2026-08-04
OMC,2025-04-16
OMC,2025-07-16
OMC,2025-10-22
OMC,2026-02-20
OMC,2026-04-29
OMC,2026-07-28
ON,2024-10-28
ON,2025-02-10
ON,2025-05-06
ON,2025-08-04
ON,2025-11-03
ON,2026-02-09
ON,2026-05-04
ON,2026-08-03
ORCL,2025-09-09
ORCL,2025-12-11
ORCL,2026-03-10
ORCL,2026-06-22
ORLY,2025-06-10
ORLY,2025-08-08
ORLY,2025-11-07
ORLY,2026-02-27
ORLY,2026-05-08
ORLY,2026-08-07
OTIS,2024-10-30
OTIS,2025-02-04
OTIS,2025-04-23
OTIS,2025-07-24
OTIS,2025-10-30
OTIS,2026-01-28
OTIS,2026-04-22
OTIS,2026-07-23
OXY,2024-08-07
OXY,2024-11-12
OXY,2025-08-06
OXY,2025-11-10
OXY,2026-02-18
OXY,2026-05-05
OXY,2026-08-05
PANW,2024-12-16
PANW,2025-02-14
PANW,2025-05-20
PANW,2025-08-29
PANW,2025-11-20
PANW,2026-02-18
PANW,2026-06-03
PAYX,2024-10-01
PAYX,2024-12-19
PAYX,2025-03-26
PAYX,2025-07-11
PAYX,2025-09-30
PAYX,2025-12-22
PAYX,2026-03-26
PAYX,2026-07-17
PCAR,2024-10-30
PCAR,2025-02-19
PCAR,2025-05-01
PCAR,2025-07-31
PCAR,2025-10-30
PCAR,2026-02-18
PCAR,2026-04-29
PCAR,2026-07-28
PCG,2024-11-07
PCG,2025-02-13
PCG,2025-04-24
PCG,2025-07-31
PCG,2025-10-23
PCG,2026-02-12
PCG,2026-04-23
PCG,2026-07-23
PEG,2024-11-04
PEG,2025-02-25
PEG,2025-04-30
PEG,2025-08-05
PEG,2025-11-03
PEG,2026-02-26
PEG,2026-05-05
PEG,2026-08-04
PEP,2025-04-24
PEP,2025-07-17
PEP,2025-10-09
PEP,2026-02-03
PEP,2026-04-16
PEP,2026-07-09
PFE,2025-02-27
PFE,2025-08-05
PFE,2025-11-04
PFE,2026-02-26
PFE,2026-05-05
PFE,2026-08-04
PFG,2024-10-30
PFG,2025-02-19
PFG,2025-04-24
PFG,2025-04-30
PFG,2025-07-28
PFG,2025-10-29
PFG,2026-02-18
PFG,2026-04-29
PFG,2026-07-27
PG,2024-08-05
PG,2024-10-18
PG,2025-01-22
PG,2025-04-24
PG,2025-08-04
PG,2025-10-24
PG,2026-01-23
PG,2026-04-24
PG,2026-08-04
PGR,2024-11-04
PGR,2025-03-03
PGR,2025-05-05
PGR,2025-08-04
PGR,2025-11-03
PGR,2026-03-02
PGR,2026-05-04
PGR,2026-08-03
PH,2024-08-15
PH,2024-11-05
PH,2025-01-31
PH,2025-05-06
PH,2025-08-22
PH,2025-11-07
PH,2026-01-30
PH,2026-05-01
PH,2026-08-21
PHM,2024-10-22
PHM,2025-02-06
PHM,2025-04-22
PHM,2025-07-22
PHM,2025-10-21
PHM,2026-02-04
PHM,2026-04-23
PHM,2026-07-22
PKG,2024-11-07
PKG,2025-02-27
PKG,2025-05-08
PKG,2025-08-07
PKG,2025-11-06
PKG,2026-02-26
PKG,2026-05-08
PKG,2026-08-07
PLD,2024-10-25
PLD,2025-02-14
PLD,2025-04-29
PLD,2025-07-29
PLD,2025-10-15
PLD,2026-02-13
PLD,2026-04-16
PLD,2026-07-29
PLTR,2024-08-06
PLTR,2024-11-05
PLTR,2026-02-17
PLTR,2026-05-04
PLTR,2026-08-04
PM,2026-02-06
PM,2026-04-24
PM,2026-07-24
PNC,2024-08-02
PNC,2024-11-01
PNC,2025-02-21
PNC,2025-05-02
PNC,2025-08-01
PNC,2025-11-03
PNC,2026-02-20
PNC,2026-05-05
PNC,2026-07-15
PNR,2026-02-24
PNR,2026-04-28
PNR,2026-07-28
PNW,2024-08-01
PNW,2024-11-06
PNW,2025-02-25
PNW,2025-05-01
PNW,2025-08-06
PNW,2025-11-03
PNW,2026-02-25
PNW,2026-05-04
PNW,2026-08-04
PODD,2024-11-08
PODD,2025-02-21
PODD,2025-05-09
PODD,2025-08-07
PODD,2025-11-06
PODD,2026-02-18
PODD,2026-05-06
PODD,2026-08-05
PPG,2025-02-20
PPG,2025-04-30
PPG,2025-07-30
PPG,2025-10-29
PPG,2026-02-19
PPG,2026-04-29
PPG,2026-07-29
PPL,2024-08-02
PPL,2024-11-01
PPL,2025-02-13
PPL,2025-04-30
PPL,2025-07-31
PPL,2025-11-05
PPL,2026-02-20
PPL,2026-05-08
PPL,2026-08-07
PRU,2024-08-01
PRU,2024-10-31
PRU,2025-02-13
PRU,2026-04-14
PRU,2026-05-06
PRU,2026-08-04
PSA,2024-10-30
PSA,2025-02-24
PSA,2025-04-30
PSA,2025-07-30
PSA,2025-10-29
PSA,2026-02-12
PSA,2026-04-27
PSA,2026-07-29
PSKY,2025-02-26
PSKY,2026-02-25
PSKY,2026-05-04
PSKY,2026-08-04
PSX,2024-10-29
PSX,2025-02-21
PSX,2025-04-25
PSX,2025-07-28
PSX,2025-10-29
PSX,2026-02-20
PSX,2026-04-29
PSX,2026-08-05
PTC,2024-08-02
PTC,2024-11-14
PTC,2025-02-06
PTC,2025-05-01
PTC,2025-07-31
PTC,2025-11-21
PTC,2026-02-05
PTC,2026-05-06
PTC,2026-07-31
PWR,2025-02-20
PWR,2025-05-01
PWR,2025-07-31
PWR,2025-10-30
PWR,2026-02-19
PWR,2026-04-30
PWR,2026-07-30
PYPL,2024-10-29
PYPL,2025-02-04
PYPL,2025-04-29
PYPL,2025-07-29
PYPL,2025-10-28
PYPL,2026-02-03
PYPL,2026-05-05
PYPL,2026-07-28
Q,2025-06-18
Q,2025-10-15
Q,2025-11-18
Q,2026-02-26
Q,2026-05-12
Q,2026-08-04
QCOM,2024-11-06
QCOM,2025-02-05
QCOM,2025-04-30
QCOM,2025-07-30
QCOM,2025-11-05
QCOM,2026-02-04
QCOM,2026-04-29
QCOM,2026-07-29
RCL,2024-10-29
RCL,2025-02-14
RCL,2025-04-29
RCL,2025-07-29
RCL,2025-10-28
RCL,2026-02-11
RCL,2026-04-30
RCL,2026-07-28
RDDT,2024-08-06
RDDT,2024-10-30
RDDT,2025-02-13
RDDT,2025-05-02
RDDT,2025-08-01
RDDT,2025-10-31
RDDT,2026-02-06
RDDT,2026-05-01
RDDT,2026-07-31
REG,2024-08-01
REG,2024-11-01
REG,2025-02-14
REG,2025-05-02
REG,2025-07-29
REG,2025-10-28
REG,2026-02-13
REG,2026-05-04
REG,2026-08-03
REGN,2024-10-31
REGN,2025-02-05
REGN,2025-04-29
REGN,2025-08-01
REGN,2025-10-28
REGN,2026-02-04
REGN,2026-04-29
REGN,2026-07-30
RF,2024-08-06
RF,2024-11-05
RF,2025-02-21
RF,2025-05-07
RF,2025-08-05
RF,2025-11-04
RF,2026-02-24
RF,2026-05-07
RF,2026-08-06
RJF,2024-08-06
RJF,2024-11-26
RJF,2025-02-07
RJF,2025-05-07
RJF,2025-07-23
RJF,2025-11-25
RJF,2026-02-06
RJF,2026-05-06
RJF,2026-07-22
RL,2024-08-07
RL,2024-11-07
RL,2025-02-06
RL,2025-05-30
RL,2025-08-07
RL,2025-11-06
RL,2026-02-05
RL,2026-05-21
RL,2026-08-06
RMD,2024-08-08
RMD,2024-10-25
RMD,2025-01-31
RMD,2025-04-24
RMD,2025-08-08
RMD,2025-10-31
RMD,2026-01-30
RMD,2026-05-01
RMD,2026-08-13
ROK,2025-02-10
ROK,2025-05-07
ROK,2025-08-06
ROK,2025-11-12
ROK,2026-02-05
ROK,2026-05-05
ROK,2026-08-04
ROL,2024-10-24
ROL,2025-02-13
ROL,2025-04-24
ROL,2025-07-23
ROL,2025-10-30
ROL,2026-02-12
ROL,2026-04-23
ROL,2026-07-23
ROP,2024-08-01
ROP,2024-11-01
ROP,2025-02-24
ROP,2025-05-02
ROP,2025-07-21
ROP,2025-10-31
ROP,2026-02-24
ROP,2026-05-01
ROP,2026-07-31
ROST,2024-09-11
ROST,2024-12-11
ROST,2025-04-01
ROST,2025-05-22
ROST,2025-09-10
ROST,2025-12-10
ROST,2026-03-30
ROST,2026-06-02
ROST,2026-08-20
RSG,2024-10-30
RSG,2025-02-13
RSG,2025-04-25
RSG,2025-07-29
RSG,2025-10-31
RSG,2026-02-17
RSG,2026-05-08
RSG,2026-08-07
RTX,2024-10-22
RTX,2025-02-04
RTX,2025-04-22
RTX,2025-07-22
RTX,2025-10-21
RTX,2026-02-06
RTX,2026-04-21
RTX,2026-07-23
RVTY,2024-08-06
RVTY,2024-11-06
RVTY,2025-02-25
RVTY,2025-05-06
RVTY,2025-08-05
RVTY,2025-11-04
RVTY,2026-02-24
RVTY,2026-05-12
RVTY,2026-08-11
SBAC,2024-08-02
SBAC,2024-11-01
SBAC,2025-05-01
SBAC,2025-08-07
SBAC,2025-11-06
SBAC,2026-02-27
SBAC,2026-05-05
SBAC,2026-08-06
SBUX,2024-11-20
SBUX,2025-01-28
SBUX,2025-04-29
SBUX,2025-07-29
SBUX,2025-11-14
SBUX,2026-01-28
SBUX,2026-04-28
SBUX,2026-07-29
SCHW,2024-08-08
SCHW,2024-11-08
SCHW,2025-02-26
SCHW,2025-05-09
SCHW,2025-08-08
SCHW,2025-11-07
SCHW,2026-02-25
SCHW,2026-05-08
SCHW,2026-08-07
SHW,2024-10-22
SHW,2025-02-20
SHW,2025-04-29
SHW,2025-07-24
SHW,2025-10-28
SHW,2026-02-19
SHW,2026-04-28
SHW,2026-07-28
SJM,2024-08-28
SJM,2024-11-26
SJM,2025-02-27
SJM,2025-08-27
SJM,2025-11-25
SJM,2026-02-26
SJM,2026-06-09
SLB,2025-10-22
SLB,2026-01-23
SLB,2026-04-29
SLB,2026-07-29
SMCI,2025-05-12
SMCI,2025-08-28
SMCI,2025-11-07
SMCI,2026-02-06
SMCI,2026-05-11
SMCI,2026-08-11
SNA,2024-10-17
SNA,2025-02-13
SNA,2025-04-17
SNA,2025-07-17
SNA,2025-10-16
SNA,2026-02-12
SNA,2026-04-23
SNA,2026-07-23
SNDK,2025-03-07
SNDK,2025-05-07
SNDK,2025-08-21
SNDK,2025-11-07
SNDK,2026-01-29
SNDK,2026-04-30
SNDK,2026-08-17
SNPS,2024-08-21
SNPS,2024-12-19
SNPS,2025-02-26
SNPS,2025-05-28
SNPS,2025-09-09
SNPS,2025-12-19
SNPS,2026-02-25
SNPS,2026-05-27
SO,2024-08-01
SO,2024-10-31
SO,2025-02-20
SO,2025-05-01
SO,2025-10-30
SO,2026-02-19
SO,2026-04-30
SO,2026-07-30
SOLV,2024-08-08
SOLV,2025-05-09
SOLV,2025-08-08
SOLV,2025-11-06
SOLV,2026-02-27
SOLV,2026-05-05
SOLV,2026-08-05
SPG,2024-08-05
SPG,2024-11-08
SPG,2025-02-21
SPG,2025-05-12
SPG,2025-08-07
SPG,2025-11-06
SPG,2026-02-25
SPG,2026-05-11
SPG,2026-08-10
SPGI,2024-10-25
SPGI,2025-02-11
SPGI,2025-04-29
SPGI,2025-07-31
SPGI,2025-10-30
SPGI,2026-02-11
SPGI,2026-04-28
SPGI,2026-07-28
SRE,2024-08-06
SRE,2024-11-06
SRE,2025-02-25
SRE,2025-05-08
SRE,2025-08-07
SRE,2025-11-05
SRE,2026-02-26
SRE,2026-05-07
SRE,2026-08-06
STE,2024-08-08
STE,2024-11-07
STE,2025-02-05
STE,2025-05-29
STE,2025-08-07
STE,2025-11-06
STE,2026-02-06
STE,2026-05-12
STE,2026-08-07
STLD,2025-02-28
STLD,2025-05-12
STLD,2025-08-11
STLD,2025-10-24
STLD,2026-02-27
STLD,2026-04-27
STLD,2026-07-28
STT,2024-08-01
STT,2024-10-31
STT,2025-02-13
STT,2025-04-17
STT,2025-07-31
STT,2025-10-17
STT,2026-01-16
STT,2026-04-17
STT,2026-07-30
STX,2024-08-03
STX,2025-10-31
STX,2026-01-30
STX,2026-04-29
STX,2026-08-04
STZ,2024-10-03
STZ,2025-01-10
STZ,2025-04-23
STZ,2025-07-02
STZ,2025-10-07
STZ,2026-01-08
STZ,2026-04-22
STZ,2026-07-01
SW,2024-09-24
SW,2024-11-08
SW,2025-03-07
SW,2025-05-09
SW,2025-07-30
SW,2025-10-29
SW,2026-02-11
SW,2026-04-30
SW,2026-07-31
SWK,2024-10-29
SWK,2025-02-18
SWK,2025-04-30
SWK,2025-07-29
SWK,2025-11-04
SWK,2026-02-24
SWK,2026-04-29
SWK,2026-07-29
SWKS,2024-11-15
SWKS,2025-02-05
SWKS,2025-05-07
SWKS,2025-08-05
SWKS,2025-11-07
SWKS,2026-02-05
SWKS,2026-05-05
SWKS,2026-07-28
SYF,2024-10-23
SYF,2025-02-07
SYF,2025-04-22
SYF,2025-07-22
SYF,2025-10-22
SYF,2026-02-06
SYF,2026-04-23
SYF,2026-07-21
SYK,2024-10-30
SYK,2025-02-12
SYK,2025-05-02
SYK,2025-07-31
SYK,2025-10-31
SYK,2026-02-11
SYK,2026-04-30
SYK,2026-07-31
SYY,2024-08-28
SYY,2024-10-30
SYY,2025-01-28
SYY,2025-04-30
SYY,2025-08-22
SYY,2025-10-29
SYY,2026-01-28
SYY,2026-04-29
SYY,2026-08-21
T,2026-02-10
T,2026-04-27
T,2026-07-22
TAP,2024-08-06
TAP,2024-11-08
TAP,2025-02-18
TAP,2025-05-08
TAP,2025-08-05
TAP,2025-11-04
TAP,2026-02-18
TAP,2026-04-30
TAP,2026-08-06
TDG,2024-08-06
TDG,2024-11-07
TDG,2025-02-04
TDG,2025-05-06
TDG,2025-08-05
TDG,2025-11-12
TDG,2026-02-03
TDG,2026-05-05
TDG,2026-08-04
TDY,2024-10-28
TDY,2025-02-21
TDY,2025-04-28
TDY,2025-07-28
TDY,2025-10-24
TDY,2026-02-20
TDY,2026-04-24
TDY,2026-07-24
TECH,2024-08-22
TECH,2024-11-05
TECH,2025-02-05
TECH,2025-05-08
TECH,2025-08-22
TECH,2025-11-05
TECH,2026-02-04
TECH,2026-05-06
TECH,2026-08-12
TEL,2025-01-24
TEL,2025-10-29
TEL,2025-11-10
TEL,2026-01-23
TEL,2026-04-24
TEL,2026-07-22
TER,2024-08-02
TER,2024-11-01
TER,2025-02-20
TER,2025-05-02
TER,2025-08-01
TER,2025-10-30
TER,2026-02-19
TER,2026-05-01
TER,2026-07-31
TFC,2024-08-08
TFC,2024-11-01
TFC,2025-01-17
TFC,2025-02-25
TFC,2025-04-30
TFC,2025-07-31
TFC,2025-10-30
TFC,2026-02-24
TFC,2026-05-01
TFC,2026-07-17
TGT,2024-08-30
TGT,2024-11-27
TGT,2025-03-12
TGT,2025-05-30
TGT,2025-08-29
TGT,2025-11-26
TGT,2026-03-11
TGT,2026-05-29
TGT,2026-08-19
TJX,2024-08-30
TJX,2024-12-04
TJX,2025-02-26
TJX,2025-05-30
TJX,2025-08-29
TJX,2025-12-02
TJX,2026-03-31
TJX,2026-05-29
TJX,2026-08-19
TKO,2025-05-08
TKO,2025-08-06
TKO,2025-11-05
TKO,2026-02-25
TKO,2026-05-06
TKO,2026-08-03
TMO,2025-05-02
TMO,2025-08-01
TMO,2025-10-31
TMO,2026-02-26
TMO,2026-04-23
TMO,2026-07-31
TMUS,2025-10-23
TMUS,2026-02-11
TMUS,2026-04-28
TMUS,2026-07-23
TPL,2025-12-23
TPL,2026-02-18
TPL,2026-05-06
TPL,2026-08-05
TPR,2024-08-15
TPR,2024-11-07
TPR,2025-02-06
TPR,2025-05-08
TPR,2025-08-14
TPR,2025-11-06
TPR,2026-02-05
TPR,2026-05-07
TPR,2026-08-13
TRGP,2024-08-01
TRGP,2024-11-05
TRGP,2025-02-20
TRGP,2025-05-01
TRGP,2025-08-07
TRGP,2025-11-05
TRGP,2026-02-19
TRGP,2026-05-07
TRGP,2026-08-06
TRMB,2024-08-06
TRMB,2025-01-15
TRMB,2025-04-25
TRMB,2025-05-20
TRMB,2025-08-06
TRMB,2025-11-05
TRMB,2026-02-25
TRMB,2026-05-06
TRMB,2026-08-12
TROW,2024-11-01
TROW,2025-02-14
TROW,2025-05-02
TROW,2025-08-01
TROW,2025-10-31
TROW,2026-02-13
TROW,2026-04-30
TROW,2026-07-31
TRV,2024-10-17
TRV,2025-02-13
TRV,2025-04-16
TRV,2025-07-17
TRV,2025-10-16
TRV,2026-02-12
TRV,2026-04-16
TRV,2026-07-17
TSCO,2024-12-20
TSCO,2025-02-20
TSCO,2025-05-08
TSCO,2025-08-07
TSCO,2025-11-06
TSCO,2026-02-19
TSCO,2026-05-07
TSCO,2026-08-06
TSLA,2025-01-30
TSLA,2025-04-22
TSLA,2025-04-23
TSLA,2025-07-23
TSLA,2025-07-24
TSLA,2025-10-23
TSLA,2026-01-29
TSLA,2026-04-22
TSLA,2026-07-23
TSN,2024-08-05
TSN,2024-11-12
TSN,2025-02-03
TSN,2025-05-07
TSN,2025-08-04
TSN,2025-11-10
TSN,2026-02-02
TSN,2026-05-04
TSN,2026-08-03
TT,2024-10-30
TT,2025-02-06
TT,2025-04-30
TT,2025-07-30
TT,2025-10-30
TT,2026-02-05
TT,2026-04-30
TT,2026-07-30
TTD,2024-08-08
TTD,2024-11-07
TTD,2025-02-21
TTD,2025-05-08
TTD,2025-08-07
TTD,2025-11-06
TTD,2026-02-27
TTD,2026-05-07
TTD,2026-08-06
TTWO,2024-08-09
TTWO,2024-11-06
TTWO,2025-02-07
TTWO,2025-05-20
TTWO,2025-08-07
TTWO,2025-11-07
TTWO,2026-02-04
TTWO,2026-05-22
TTWO,2026-08-07
TXN,2024-10-23
TXN,2025-02-14
TXN,2025-04-24
TXN,2025-07-29
TXN,2025-10-23
TXN,2026-02-06
TXN,2026-04-24
TXN,2026-07-24
TXT,2024-10-24
TXT,2025-02-06
TXT,2025-04-24
TXT,2025-10-23
TXT,2026-02-11
TXT,2026-04-30
TXT,2026-07-28
TYL,2024-10-23
TYL,2025-02-19
TYL,2025-04-25
TYL,2025-07-30
TYL,2025-10-29
TYL,2026-02-18
TYL,2026-04-29
TYL,2026-07-29
UAL,2024-10-16
UAL,2025-02-27
UAL,2025-04-16
UAL,2025-07-16
UAL,2025-10-16
UAL,2026-02-12
UAL,2026-04-22
UAL,2026-07-16
UBER,2024-08-06
UBER,2024-10-31
UBER,2025-02-05
UBER,2025-05-07
UBER,2025-08-06
UBER,2025-11-04
UBER,2026-02-13
UBER,2026-05-06
UBER,2026-08-05
UDR,2024-10-31
UDR,2025-02-18
UDR,2025-05-01
UDR,2025-07-31
UDR,2025-10-30
UDR,2026-02-17
UDR,2026-04-30
UDR,2026-07-28
UHS,2024-08-08
UHS,2024-11-08
UHS,2025-02-26
UHS,2025-05-08
UHS,2025-08-08
UHS,2025-11-07
UHS,2026-02-25
UHS,2026-05-07
UHS,2026-08-07
ULTA,2024-08-29
ULTA,2024-12-05
ULTA,2025-03-27
ULTA,2025-05-29
ULTA,2025-08-28
ULTA,2025-12-04
ULTA,2026-03-26
ULTA,2026-06-02
UNH,2024-08-09
UNH,2024-11-04
UNH,2025-02-27
UNH,2025-05-07
UNH,2025-08-11
UNH,2025-10-28
UNH,2026-03-02
UNH,2026-04-21
UNH,2026-08-10
UNP,2024-10-24
UNP,2025-02-07
UNP,2025-04-24
UNP,2025-07-24
UNP,2025-10-23
UNP,2026-02-06
UNP,2026-04-23
UNP,2026-07-23
UPS,2024-11-06
UPS,2025-02-18
UPS,2025-05-07
UPS,2025-08-06
UPS,2025-11-05
UPS,2026-02-17
UPS,2026-05-06
UPS,2026-08-05
URI,2024-10-23
URI,2025-01-29
URI,2025-04-23
URI,2025-07-23
URI,2025-10-22
URI,2026-01-28
URI,2026-04-22
URI,2026-07-22
USB,2024-08-06
USB,2024-10-16
USB,2025-01-31
USB,2026-02-23
USB,2026-05-04
USB,2026-07-16
V,2024-11-13
V,2025-04-29
V,2025-07-30
V,2025-11-06
V,2026-01-30
V,2026-04-28
V,2026-07-29
VEEV,2024-09-04
VEEV,2024-12-09
VEEV,2025-03-24
VEEV,2025-06-02
VEEV,2025-08-29
VEEV,2025-11-21
VEEV,2026-03-20
VEEV,2026-06-05
VICI,2024-10-31
VICI,2025-02-20
VICI,2025-04-30
VICI,2025-07-30
VICI,2025-10-30
VICI,2026-02-25
VICI,2026-04-29
VICI,2026-07-29
VLO,2024-10-30
VLO,2025-02-26
VLO,2025-04-25
VLO,2025-07-24
VLO,2025-10-23
VLO,2026-02-25
VLO,2026-04-30
VLO,2026-07-30
VLTO,2024-10-23
VLTO,2025-02-25
VLTO,2025-04-29
VLTO,2025-07-28
VLTO,2025-10-28
VLTO,2026-02-03
VLTO,2026-04-28
VLTO,2026-07-29
VMC,2024-08-07
VMC,2024-10-30
VMC,2025-02-20
VMC,2025-04-30
VMC,2025-07-31
VMC,2025-10-30
VMC,2026-02-19
VMC,2026-04-29
VMC,2026-07-29
VMRK,2024-08-01
VMRK,2024-11-04
VMRK,2025-02-13
VMRK,2025-04-30
VMRK,2025-08-06
VMRK,2025-10-30
VMRK,2026-02-13
VMRK,2026-04-28
VMRK,2026-07-30
VRSK,2024-10-30
VRSK,2025-02-26
VRSK,2025-05-07
VRSK,2025-07-30
VRSK,2025-10-29
VRSK,2026-02-18
VRSK,2026-04-29
VRSK,2026-07-29
VRSN,2024-10-24
VRSN,2025-02-13
VRSN,2025-04-24
VRSN,2025-07-24
VRSN,2025-10-23
VRSN,2026-02-05
VRSN,2026-04-23
VRSN,2026-07-23
VRT,2025-04-23
VRT,2025-07-30
VRT,2025-10-22
VRT,2026-02-13
VRT,2026-04-22
VRT,2026-07-29
VRTX,2024-08-02
VRTX,2024-11-05
VRTX,2025-02-13
VRTX,2025-05-06
VRTX,2025-08-05
VRTX,2025-11-04
VRTX,2026-02-13
VRTX,2026-05-04
VRTX,2026-08-04
VST,2025-02-27
VST,2025-05-07
VST,2025-08-07
VST,2025-11-07
VST,2026-02-27
VST,2026-05-08
VST,2026-08-10
VTR,2024-08-02
VTR,2024-10-31
VTR,2025-02-12
VTR,2025-05-01
VTR,2025-07-31
VTR,2025-10-29
VTR,2026-02-06
VTR,2026-04-27
VTR,2026-07-29
VTRS,2024-08-08
VTRS,2024-11-07
VTRS,2025-02-27
VTRS,2025-05-08
VTRS,2025-08-07
VTRS,2025-11-06
VTRS,2026-02-26
VTRS,2026-05-07
VTRS,2026-08-06
VZ,2026-05-01
VZ,2026-07-31
WAB,2024-10-23
WAB,2025-02-12
WAB,2025-04-23
WAB,2025-07-24
WAB,2025-10-22
WAB,2026-02-11
WAB,2026-04-22
WAB,2026-07-22
WAT,2025-02-25
WAT,2025-08-04
WAT,2025-11-04
WAT,2026-02-23
WAT,2026-05-12
WAT,2026-08-11
WBD,2024-08-07
WBD,2024-11-07
WBD,2025-02-27
WBD,2025-05-08
WBD,2025-08-07
WBD,2025-11-06
WBD,2026-02-27
WBD,2026-05-06
WBD,2026-08-06
WDAY,2024-08-22
WDAY,2024-12-05
WDAY,2025-03-11
WDAY,2025-05-23
WDAY,2025-08-22
WDAY,2025-11-26
WDAY,2026-03-06
WDAY,2026-05-22
WDC,2025-01-31
WDC,2025-05-02
WDC,2025-08-14
WDC,2025-10-30
WDC,2026-01-29
WDC,2026-04-30
WDC,2026-08-14
WEC,2024-11-01
WEC,2025-02-21
WEC,2025-05-07
WEC,2025-07-30
WEC,2025-10-31
WEC,2026-02-20
WEC,2026-05-05
WEC,2026-07-29
WELL,2024-10-28
WELL,2025-02-12
WELL,2025-04-29
WELL,2025-07-29
WELL,2025-10-28
WELL,2026-02-12
WELL,2026-04-29
WELL,2026-07-27
WFC,2024-08-01
WFC,2024-10-31
WFC,2025-02-25
WFC,2026-04-29
WFC,2026-07-28
WM,2024-10-28
WM,2025-02-19
WM,2025-04-29
WM,2025-07-29
WM,2025-10-28
WM,2026-02-09
WM,2026-04-29
WM,2026-07-29
WMB,2024-08-06
WMB,2024-11-06
WMB,2025-02-25
WMB,2025-05-05
WMB,2025-08-04
WMB,2025-11-03
WMB,2026-02-24
WMB,2026-05-04
WMB,2026-08-03
WMT,2024-08-30
WMT,2025-03-14
WMT,2025-05-15
WMT,2025-08-29
WMT,2025-11-20
WMT,2025-12-03
WMT,2026-03-13
WMT,2026-05-29
WMT,2026-08-20
WRB,2024-08-02
WRB,2024-11-04
WRB,2025-02-24
WRB,2025-04-23
WRB,2025-08-04
WRB,2025-11-03
WRB,2026-01-26
WRB,2026-05-01
WRB,2026-07-20
WSM,2025-03-27
WSM,2025-05-28
WSM,2025-08-29
WSM,2025-11-19
WSM,2025-11-25
WSM,2026-03-26
WSM,2026-05-22
WST,2024-10-24
WST,2025-02-18
WST,2025-04-24
WST,2025-07-24
WST,2025-10-23
WST,2026-02-17
WST,2026-04-23
WST,2026-07-23
WTW,2024-10-31
WTW,2025-02-25
WTW,2025-04-24
WTW,2025-08-01
WTW,2025-10-30
WTW,2026-02-25
WTW,2026-04-30
WTW,2026-07-30
WY,2024-10-25
WY,2025-02-14
WY,2025-04-25
WY,2025-07-25
WY,2025-10-31
WY,2026-02-13
WY,2026-05-01
WY,2026-07-31
WYNN,2024-08-06
WYNN,2024-11-04
WYNN,2025-02-13
WYNN,2025-05-06
WYNN,2025-08-07
WYNN,2025-11-06
WYNN,2026-03-02
WYNN,2026-05-07
WYNN,2026-08-06
XEL,2024-08-01
XEL,2024-10-31
XEL,2025-02-27
XEL,2025-04-24
XEL,2025-07-31
XEL,2025-10-30
XEL,2026-02-25
XEL,2026-04-30
XEL,2026-07-30
XOM,2024-08-05
XOM,2024-11-04
XOM,2025-02-19
XOM,2025-05-05
XOM,2025-08-01
XOM,2025-10-31
XOM,2026-02-18
XOM,2026-05-01
XOM,2026-08-03
XYL,2024-10-31
XYL,2025-02-04
XYL,2025-03-03
XYL,2025-04-29
XYL,2025-07-31
XYL,2025-10-28
XYL,2026-02-25
XYL,2026-04-28
XYL,2026-07-28
XYZ,2026-02-26
XYZ,2026-05-07
XYZ,2026-08-05
YUM,2024-08-08
YUM,2024-11-07
YUM,2025-02-19
YUM,2025-05-06
YUM,2025-08-05
YUM,2025-11-07
YUM,2026-02-20
YUM,2026-05-06
YUM,2026-08-04
ZBH,2024-08-07
ZBH,2024-10-30
ZBH,2025-02-25
ZBH,2025-05-05
ZBH,2025-08-07
ZBH,2025-11-05
ZBH,2026-02-19
ZBH,2026-05-01
ZBH,2026-08-05
ZBRA,2025-10-28
ZBRA,2026-02-12
ZBRA,2026-05-12
ZBRA,2026-08-04
ZTS,2024-08-06
ZTS,2024-11-04
ZTS,2025-02-13
ZTS,2025-08-05
ZTS,2025-11-04
ZTS,2026-02-12
ZTS,2026-05-07
ZTS,2026-08-06
