ticker,ex_date,amount
A,2024-10-01,0.236
A,2024-12-31,0.248
A,2025-04-01,0.248
A,2025-07-01,0.248
A,2025-09-30,0.248
A,2026-01-06,0.255
A,2026-03-31,0.255
A,2026-06-30,0.255
AAPL,2024-08-12,0.25
AAPL,2024-11-08,0.25
AAPL,2025-02-10,0.25
AAPL,2025-05-12,0.26
AAPL,2025-08-11,0.26
AAPL,2025-11-10,0.26
AAPL,2026-02-09,0.26
AAPL,2026-05-11,0.27
AAPL,2026-08-10,0.27
ABBV,2024-10-15,1.55
ABBV,2025-01-15,1.64
ABBV,2025-04-15,1.64
ABBV,2025-07-15,1.64
ABBV,2025-10-15,1.64
ABBV,2026-01-16,1.73
ABBV,2026-04-15,1.73
ABBV,2026-07-15,1.73
ABT,2024-10-15,0.55
ABT,2025-01-15,0.59
ABT,2025-04-15,0.59
ABT,2025-07-15,0.59
ABT,2025-10-15,0.59
ABT,2026-01-15,0.63
ABT,2026-04-15,0.63
ABT,2026-07-15,0.63
ACGL,2024-11-18,5.0
ACN,2024-10-10,1.48
ACN,2025-01-16,1.48
ACN,2025-04-10,1.48
ACN,2025-07-10,1.48
ACN,2025-10-10,1.63
ACN,2026-01-13,1.63
ACN,2026-04-09,1.63
ACN,2026-07-09,1.63
ADI,2024-09-03,0.92
ADI,2024-12-09,0.92
ADI,2025-03-04,0.99
ADI,2025-06-04,0.99
ADI,2025-09-02,0.99
ADI,2025-12-08,0.99
ADI,2026-03-03,1.1
ADI,2026-06-02,1.1
ADM,2024-08-21,0.5
ADM,2024-11-21,0.5
ADM,2025-02-18,0.51
ADM,2025-05-21,0.51
ADM,2025-08-20,0.51
ADM,2025-11-19,0.51
ADM,2026-02-17,0.52
ADM,2026-05-20,0.52
ADM,2026-08-19,0.52
ADP,2024-09-13,1.4
ADP,2024-12-13,1.54
ADP,2025-03-14,1.54
ADP,2025-06-13,1.54
ADP,2025-09-12,1.54
ADP,2025-12-12,1.7
ADP,2026-03-13,1.7
ADP,2026-06-12,1.7
AEE,2024-09-11,0.67
AEE,2024-12-11,0.67
AEE,2025-03-11,0.71
AEE,2025-06-10,0.71
AEE,2025-09-09,0.71
AEE,2025-12-09,0.71
AEE,2026-03-10,0.75
AEE,2026-06-09,0.75
AEP,2024-08-09,0.88
AEP,2024-11-08,0.93
AEP,2025-02-10,0.93
AEP,2025-05-09,0.93
AEP,2025-08-08,0.93
AEP,2025-11-10,0.95
AEP,2026-02-10,0.95
AEP,2026-05-08,0.95
AEP,2026-08-10,0.95
AES,2024-11-01,0.1725
AES,2025-01-31,0.176
AES,2025-05-01,0.1759
AES,2025-08-01,0.176
AES,2025-10-31,0.1759
AES,2026-01-30,0.176
AES,2026-05-01,0.176
AES,2026-07-31,0.176
AFL,2024-08-21,0.5
AFL,2024-11-20,0.5
AFL,2025-02-19,0.58
AFL,2025-05-21,0.58
AFL,2025-08-20,0.58
AFL,2025-11-19,0.58
AFL,2026-02-18,0.61
AFL,2026-05-20,0.61
AFL,2026-08-19,0.61
AIG,2024-09-16,0.4
AIG,2024-12-16,0.4
AIG,2025-03-17,0.4
AIG,2025-06-13,0.45
AIG,2025-09-16,0.45
AIG,2025-12-16,0.45
AIG,2026-03-16,0.45
AIG,2026-06-15,0.5
AIZ,2024-09-03,0.72
AIZ,2024-12-09,0.8
AIZ,2025-02-03,0.8
AIZ,2025-06-09,0.8
AIZ,2025-09-02,0.8
AIZ,2025-12-01,0.88
AIZ,2026-02-17,0.88
AIZ,2026-06-08,0.88
AJG,2024-09-06,0.6
AJG,2024-12-06,0.6
AJG,2025-03-07,0.65
AJG,2025-06-06,0.65
AJG,2025-09-05,0.65
AJG,2025-12-05,0.65
AJG,2026-03-06,0.7
AJG,2026-06-05,0.7
ALB,2024-09-13,0.405
ALB,2024-12-13,0.405
ALB,2025-03-14,0.405
ALB,2025-06-13,0.405
ALB,2025-09-12,0.405
ALB,2025-12-12,0.405
ALB,2026-03-13,0.405
ALB,2026-06-12,0.405
ALL,2024-08-30,0.92
ALL,2024-11-29,0.92
ALL,2025-03-10,1.0
ALL,2025-06-09,1.0
ALL,2025-08-29,1.0
ALL,2025-12-01,1.0
ALL,2026-03-02,1.08
ALL,2026-06-01,1.08
ALLE,2024-09-20,0.48
ALLE,2024-12-17,0.48
ALLE,2025-03-14,0.51
ALLE,2025-06-13,0.51
ALLE,2025-09-15,0.51
ALLE,2025-12-16,0.51
ALLE,2026-03-13,0.55
ALLE,2026-06-15,0.55
AMAT,2024-08-22,0.4
AMAT,2024-11-21,0.4
AMAT,2025-02-20,0.4
AMAT,2025-05-22,0.46
AMAT,2025-08-21,0.46
AMAT,2025-11-20,0.46
AMAT,2026-02-19,0.46
AMAT,2026-05-21,0.53
AMAT,2026-08-20,0.53
AMCR,2024-09-06,0.625
AMCR,2024-11-21,0.6375
AMCR,2025-02-26,0.6375
AMCR,2025-05-22,0.6375
AMCR,2025-09-05,0.6375
AMCR,2025-11-28,0.65
AMCR,2026-02-25,0.65
AMCR,2026-05-28,0.65
AME,2024-09-16,0.28
AME,2024-12-06,0.28
AME,2025-03-14,0.31
AME,2025-06-13,0.31
AME,2025-09-15,0.31
AME,2025-12-05,0.31
AME,2026-03-16,0.34
AME,2026-06-15,0.34
AMGN,2024-08-16,2.25
AMGN,2024-11-18,2.25
AMGN,2025-02-14,2.38
AMGN,2025-05-16,2.38
AMGN,2025-08-22,2.38
AMGN,2025-11-21,2.38
AMGN,2026-02-13,2.52
AMGN,2026-05-15,2.52
AMGN,2026-08-21,2.52
AMP,2024-08-05,1.48
AMP,2024-11-04,1.48
AMP,2025-02-10,1.48
AMP,2025-05-05,1.6
AMP,2025-08-04,1.6
AMP,2025-11-10,1.6
AMP,2026-02-09,1.6
AMP,2026-05-04,1.7
AMP,2026-08-03,1.7
AMT,2024-10-09,1.62
AMT,2024-12-27,1.62
AMT,2025-04-11,1.7
AMT,2025-06-13,1.7
AMT,2025-09-30,1.7
AMT,2025-12-29,1.7
AMT,2026-04-14,1.79
AMT,2026-06-12,1.79
AON,2024-11-01,0.675
AON,2025-02-03,0.675
AON,2025-05-01,0.745
AON,2025-08-01,0.745
AON,2025-11-03,0.745
AON,2026-02-02,0.745
AON,2026-05-01,0.82
AON,2026-08-03,0.82
AOS,2024-10-31,0.34
AOS,2025-01-31,0.34
AOS,2025-04-30,0.34
AOS,2025-07-31,0.34
AOS,2025-10-31,0.36
AOS,2026-01-30,0.36
AOS,2026-04-30,0.36
AOS,2026-07-31,0.36
APA,2024-10-22,0.25
APA,2025-01-22,0.25
APA,2025-04-22,0.25
APA,2025-07-22,0.25
APA,2025-10-22,0.25
APA,2026-01-22,0.25
APA,2026-04-22,0.25
APA,2026-07-22,0.25
APD,2024-10-01,1.77
APD,2025-01-02,1.77
APD,2025-04-01,1.79
APD,2025-07-01,1.79
APD,2025-10-01,1.79
APD,2026-01-02,1.79
APD,2026-04-01,1.81
APD,2026-07-01,1.81
APH,2024-09-17,0.165
APH,2024-12-17,0.165
APH,2025-03-18,0.165
APH,2025-06-17,0.165
APH,2025-09-16,0.165
APH,2025-12-16,0.25
APH,2026-03-23,0.25
APH,2026-06-23,0.25
APO,2024-08-16,0.4625
APO,2024-11-18,0.4625
APO,2025-02-18,0.4625
APO,2025-05-16,0.51
APO,2025-08-18,0.51
APO,2025-11-17,0.51
APO,2026-02-19,0.51
APO,2026-05-19,0.5625
APO,2026-08-19,0.5625
ARE,2024-09-30,1.3
ARE,2024-12-31,1.32
ARE,2025-03-31,1.32
ARE,2025-06-30,1.32
ARE,2025-09-30,1.32
ARE,2025-12-31,0.72
ARE,2026-03-31,0.72
ARE,2026-06-30,0.72
ARES,2024-09-16,0.93
ARES,2024-12-17,0.93
ARES,2025-03-17,1.12
ARES,2025-06-16,1.12
ARES,2025-09-16,1.12
ARES,2025-12-17,1.12
ARES,2026-03-17,1.35
ARES,2026-06-16,1.35
ATO,2024-08-26,0.805
ATO,2024-11-25,0.87
ATO,2025-02-25,0.87
ATO,2025-05-27,0.87
ATO,2025-08-25,0.87
ATO,2025-11-24,1.0
ATO,2026-02-23,1.0
ATO,2026-05-26,1.0
AVGO,2024-09-19,0.53
AVGO,2024-12-23,0.59
AVGO,2025-03-20,0.59
AVGO,2025-06-20,0.59
AVGO,2025-09-22,0.59
AVGO,2025-12-22,0.65
AVGO,2026-03-23,0.65
AVGO,2026-06-22,0.65
AVY,2024-09-04,0.88
AVY,2024-12-04,0.88
AVY,2025-03-05,0.88
AVY,2025-06-04,0.94
AVY,2025-09-03,0.94
AVY,2025-12-03,0.94
AVY,2026-03-04,0.94
AVY,2026-06-03,1.0
AWK,2024-08-13,0.765
AWK,2024-11-12,0.765
AWK,2025-02-07,0.765
AWK,2025-05-13,0.8275
AWK,2025-08-12,0.8275
AWK,2025-11-13,0.8275
AWK,2026-02-10,0.8275
AWK,2026-05-12,0.895
AWK,2026-08-11,0.895
AXP,2024-10-04,0.7
AXP,2025-01-03,0.7
AXP,2025-04-04,0.82
AXP,2025-07-03,0.82
AXP,2025-10-10,0.82
AXP,2026-01-02,0.82
AXP,2026-04-02,0.95
AXP,2026-07-02,0.95
BAC,2024-09-06,0.26
BAC,2024-12-06,0.26
BAC,2025-03-07,0.26
BAC,2025-06-06,0.26
BAC,2025-09-05,0.28
BAC,2025-12-05,0.28
BAC,2026-03-06,0.28
BAC,2026-06-05,0.28
BALL,2024-09-03,0.2
BALL,2024-12-02,0.2
BALL,2025-03-03,0.2
BALL,2025-06-02,0.2
BALL,2025-09-02,0.2
BALL,2025-12-01,0.2
BALL,2026-03-02,0.2
BALL,2026-06-01,0.2
BAX,2024-08-30,0.29
BAX,2024-11-29,0.17
BAX,2025-02-28,0.17
BAX,2025-05-30,0.17
BAX,2025-08-29,0.17
BAX,2025-11-28,0.01
BAX,2026-05-29,0.01
BBY,2024-09-19,0.94
BBY,2024-12-17,0.94
BBY,2025-03-25,0.95
BBY,2025-06-18,0.95
BBY,2025-09-18,0.95
BBY,2025-12-16,0.95
BBY,2026-03-24,0.96
BBY,2026-06-18,0.96
BDX,2024-09-09,0.95
BDX,2024-12-09,1.04
BDX,2025-03-10,1.04
BDX,2025-06-09,1.04
BDX,2025-09-08,1.04
BDX,2025-12-08,1.05
BDX,2026-03-10,1.05
BDX,2026-06-09,1.05
BEN,2024-09-30,0.31
BEN,2024-12-30,0.32
BEN,2025-03-31,0.32
BEN,2025-06-27,0.32
BEN,2025-09-30,0.32
BEN,2025-12-30,0.33
BEN,2026-03-31,0.33
BEN,2026-06-29,0.33
BF/B,2024-09-03,0.2178
BF/B,2024-12-06,0.2265
BF/B,2025-03-07,0.2265
BF/B,2025-06-09,0.2265
BF/B,2025-09-03,0.2265
BF/B,2025-12-05,0.231
BF/B,2026-03-09,0.231
BF/B,2026-06-10,0.231
BG,2024-08-19,0.68
BG,2024-11-18,0.68
BG,2025-02-18,0.68
BG,2025-05-19,0.7
BG,2025-08-19,0.7
BG,2025-11-17,0.7
BG,2026-02-17,0.7
BG,2026-05-22,0.72
BG,2026-08-18,0.72
BKNG,2024-09-06,0.35
BKNG,2024-12-06,0.35
BKNG,2025-03-07,0.384
BKNG,2025-06-06,0.384
BKNG,2025-09-05,0.384
BKNG,2025-12-05,0.384
BKNG,2026-03-06,0.42
BKNG,2026-06-05,0.42
BKR,2024-08-06,0.21
BKR,2024-11-04,0.21
BKR,2025-02-11,0.23
BKR,2025-05-06,0.23
BKR,2025-08-05,0.23
BKR,2025-11-04,0.23
BKR,2026-02-17,0.23
BKR,2026-05-05,0.23
BKR,2026-08-07,0.23
BLK,2024-09-09,5.1
BLK,2024-12-05,5.1
BLK,2025-03-07,5.21
BLK,2025-06-05,5.21
BLK,2025-09-05,5.21
BLK,2025-12-05,5.21
BLK,2026-03-06,5.73
BLK,2026-06-05,5.73
BMY,2024-10-04,0.6
BMY,2025-01-03,0.62
BMY,2025-04-04,0.62
BMY,2025-07-03,0.62
BMY,2025-10-03,0.62
BMY,2026-01-02,0.63
BMY,2026-04-02,0.63
BMY,2026-07-02,0.63
BNY,2024-10-21,0.47
BNY,2025-01-27,0.47
BNY,2025-04-21,0.47
BNY,2025-07-25,0.53
BNY,2025-10-27,0.53
BNY,2026-01-23,0.53
BNY,2026-04-27,0.53
BNY,2026-07-27,0.63
BR,2024-09-12,0.88
BR,2024-12-13,0.88
BR,2025-03-13,0.88
BR,2025-06-12,0.88
BR,2025-09-11,0.975
BR,2025-12-12,0.975
BR,2026-03-16,0.975
BR,2026-06-12,0.975
BRO,2024-08-07,0.13
BRO,2024-11-06,0.15
BRO,2025-02-05,0.15
BRO,2025-05-12,0.15
BRO,2025-08-13,0.15
BRO,2025-11-05,0.165
BRO,2026-02-04,0.165
BRO,2026-05-11,0.165
BRO,2026-08-12,0.165
BX,2024-10-28,0.86
BX,2025-02-10,1.44
BX,2025-04-28,0.93
BX,2025-08-04,1.03
BX,2025-11-03,1.29
BX,2026-02-09,1.49
BX,2026-05-04,1.16
BX,2026-08-03,1.29
BXP,2024-09-30,0.98
BXP,2024-12-31,0.98
BXP,2025-03-31,0.98
BXP,2025-06-30,0.98
BXP,2025-09-30,0.7
BXP,2025-12-31,0.7
BXP,2026-03-31,0.7
BXP,2026-06-30,0.7
C,2024-08-05,0.56
C,2024-11-04,0.56
C,2025-02-03,0.56
C,2025-05-05,0.56
C,2025-08-04,0.6
C,2025-11-03,0.6
C,2026-02-02,0.6
C,2026-05-04,0.6
C,2026-08-03,0.67
CAH,2024-10-01,0.5056
CAH,2025-01-02,0.5056
CAH,2025-04-01,0.5056
CAH,2025-07-01,0.5107
CAH,2025-10-01,0.5107
CAH,2026-01-02,0.5107
CAH,2026-04-01,0.5107
CAH,2026-07-01,0.5158
CARR,2024-10-25,0.19
CARR,2024-12-20,0.225
CARR,2025-05-02,0.225
CARR,2025-07-21,0.225
CARR,2025-10-29,0.225
CARR,2026-01-20,0.24
CARR,2026-05-04,0.24
CARR,2026-07-21,0.24
CASY,2024-11-01,0.5
CASY,2025-02-03,0.5
CASY,2025-05-01,0.5
CASY,2025-08-01,0.57
CASY,2025-10-31,0.57
CASY,2026-01-30,0.57
CASY,2026-05-01,0.57
CASY,2026-07-31,0.65
CAT,2024-10-21,1.41
CAT,2025-01-21,1.41
CAT,2025-04-21,1.41
CAT,2025-07-21,1.51
CAT,2025-10-20,1.51
CAT,2026-01-20,1.51
CAT,2026-04-20,1.51
CAT,2026-07-20,1.63
CB,2024-09-13,0.91
CB,2024-12-13,0.91
CB,2025-03-14,0.91
CB,2025-06-13,0.97
CB,2025-09-12,0.97
CB,2025-12-12,0.97
CB,2026-03-13,0.97
CB,2026-06-12,1.02
CBOE,2024-08-30,0.63
CBOE,2024-11-29,0.63
CBOE,2025-02-28,0.63
CBOE,2025-05-30,0.63
CBOE,2025-08-29,0.72
CBOE,2025-11-28,0.72
CBOE,2026-02-27,0.72
CBOE,2026-05-29,0.72
CCI,2024-09-13,1.565
CCI,2024-12-13,1.565
CCI,2025-03-14,1.565
CCI,2025-06-13,1.0625
CCI,2025-09-15,1.0625
CCI,2025-12-15,1.0625
CCI,2026-03-13,1.0625
CCI,2026-06-15,1.0625
CCL,2026-02-13,0.15
CCL,2026-05-18,0.15
CCL,2026-08-07,0.15
CDW,2024-08-26,0.62
CDW,2024-11-25,0.625
CDW,2025-02-25,0.625
CDW,2025-05-23,0.625
CDW,2025-08-25,0.625
CDW,2025-11-25,0.63
CDW,2026-02-25,0.63
CDW,2026-05-22,0.63
CEG,2024-08-12,0.3525
CEG,2024-11-15,0.3525
CEG,2025-03-07,0.3878
CEG,2025-05-16,0.3878
CEG,2025-08-18,0.3878
CEG,2025-11-17,0.3878
CEG,2026-03-09,0.4265
CEG,2026-05-15,0.4265
CEG,2026-08-18,0.4265
CF,2024-08-15,0.5
CF,2024-11-15,0.5
CF,2025-02-14,0.5
CF,2025-05-15,0.5
CF,2025-08-15,0.5
CF,2025-11-14,0.5
CF,2026-02-13,0.5
CF,2026-05-15,0.5
CF,2026-08-14,0.6
CFG,2024-10-30,0.42
CFG,2025-01-31,0.42
CFG,2025-04-30,0.42
CFG,2025-07-31,0.42
CFG,2025-10-29,0.46
CFG,2026-02-04,0.46
CFG,2026-04-30,0.46
CFG,2026-07-30,0.46
CHD,2024-08-15,0.2837
CHD,2024-11-15,0.2837
CHD,2025-02-14,0.295
CHD,2025-05-15,0.295
CHD,2025-08-15,0.295
CHD,2025-11-14,0.295
CHD,2026-02-13,0.3075
CHD,2026-05-15,0.3075
CHD,2026-08-14,0.3075
CHRW,2024-09-06,0.62
CHRW,2024-12-06,0.62
CHRW,2025-03-07,0.62
CHRW,2025-06-06,0.62
CHRW,2025-09-05,0.62
CHRW,2025-12-05,0.63
CHRW,2026-03-06,0.63
CHRW,2026-06-05,0.63
CI,2024-09-04,1.4
CI,2024-12-04,1.4
CI,2025-03-05,1.51
CI,2025-06-03,1.51
CI,2025-09-04,1.51
CI,2025-12-04,1.51
CI,2026-03-05,1.56
CI,2026-06-04,1.56
CINF,2024-09-17,0.81
CINF,2024-12-19,0.81
CINF,2025-03-24,0.87
CINF,2025-06-23,0.87
CINF,2025-09-22,0.87
CINF,2025-12-22,0.87
CINF,2026-03-24,0.94
CINF,2026-06-23,0.94
CL,2024-10-18,0.5
CL,2025-01-21,0.5
CL,2025-04-17,0.52
CL,2025-07-18,0.52
CL,2025-10-17,0.52
CL,2026-01-21,0.52
CL,2026-04-20,0.53
CL,2026-07-20,0.53
CLX,2024-08-14,1.22
CLX,2024-10-23,1.22
CLX,2025-01-29,1.22
CLX,2025-04-23,1.22
CLX,2025-08-13,1.24
CLX,2025-10-22,1.24
CLX,2026-01-28,1.24
CLX,2026-04-22,1.24
CLX,2026-08-12,1.25
CMCSA,2024-10-02,0.31
CMCSA,2025-01-08,0.31
CMCSA,2025-04-02,0.33
CMCSA,2025-07-02,0.33
CMCSA,2025-10-01,0.33
CMCSA,2026-01-14,0.33
CMCSA,2026-04-01,0.33
CMCSA,2026-07-01,0.33
CME,2024-09-09,1.15
CME,2024-12-09,1.15
CME,2024-12-27,5.8
CME,2025-03-07,1.25
CME,2025-06-09,1.25
CME,2025-09-09,1.25
CME,2025-12-12,1.25
CME,2026-03-10,7.45
CME,2026-06-09,1.3
CMI,2024-08-23,1.82
CMI,2024-11-22,1.82
CMI,2025-02-21,1.82
CMI,2025-05-23,1.82
CMI,2025-08-22,2.0
CMI,2025-11-21,2.0
CMI,2026-02-20,2.0
CMI,2026-05-22,2.0
CMI,2026-08-21,2.2
CMS,2024-08-02,0.515
CMS,2024-11-13,0.515
CMS,2025-02-14,0.5425
CMS,2025-05-09,0.5425
CMS,2025-08-08,0.5425
CMS,2025-11-07,0.5425
CMS,2026-02-17,0.57
CMS,2026-05-08,0.57
CMS,2026-08-07,0.57
CNP,2024-08-15,0.2
CNP,2024-11-21,0.21
CNP,2025-02-20,0.22
CNP,2025-05-15,0.22
CNP,2025-08-21,0.22
CNP,2025-11-20,0.22
CNP,2026-02-19,0.23
CNP,2026-05-21,0.23
CNP,2026-08-20,0.24
COF,2024-08-12,0.6
COF,2024-11-14,0.6
COF,2025-02-18,0.6
COF,2025-05-23,0.6
COF,2025-08-15,0.6
COF,2025-11-17,0.8
COF,2026-02-19,0.8
COF,2026-05-19,0.8
COF,2026-08-17,0.8
COP,2024-08-12,0.78
COP,2024-11-08,0.78
COP,2025-02-14,0.78
COP,2025-05-19,0.78
COP,2025-08-18,0.78
COP,2025-11-17,0.84
COP,2026-02-18,0.84
COP,2026-05-11,0.84
COP,2026-08-17,0.84
COR,2024-08-09,0.51
COR,2024-11-15,0.55
COR,2025-02-14,0.55
COR,2025-05-16,0.55
COR,2025-08-15,0.55
COR,2025-11-14,0.6
COR,2026-02-13,0.6
COR,2026-05-15,0.6
COR,2026-08-14,0.6
COST,2024-11-01,1.16
COST,2025-02-07,1.16
COST,2025-05-02,1.3
COST,2025-08-01,1.3
COST,2025-10-31,1.3
COST,2026-01-30,1.3
COST,2026-05-01,1.47
COST,2026-07-24,1.47
CPT,2024-09-30,1.03
CPT,2024-12-18,1.03
CPT,2025-03-31,1.05
CPT,2025-06-30,1.05
CPT,2025-09-30,1.05
CPT,2025-12-17,1.05
CPT,2026-03-31,1.06
CPT,2026-06-30,1.06
CRH,2024-08-23,0.35
CRH,2024-11-22,0.35
CRH,2025-03-14,0.37
CRH,2025-05-23,0.37
CRH,2025-08-22,0.37
CRH,2025-11-21,0.37
CRH,2026-03-06,0.39
CRH,2026-05-15,0.39
CRH,2026-08-14,0.39
CRM,2024-09-18,0.4
CRM,2024-12-18,0.4
CRM,2025-04-10,0.416
CRM,2025-06-18,0.416
CRM,2025-09-17,0.416
CRM,2025-12-18,0.416
CRM,2026-04-09,0.44
CRM,2026-06-11,0.44
CSCO,2024-10-02,0.4
CSCO,2025-01-03,0.4
CSCO,2025-04-03,0.41
CSCO,2025-07-03,0.41
CSCO,2025-10-03,0.41
CSCO,2026-01-02,0.41
CSCO,2026-04-02,0.42
CSCO,2026-07-06,0.42
CSX,2024-08-30,0.12
CSX,2024-11-29,0.12
CSX,2025-02-28,0.13
CSX,2025-05-30,0.13
CSX,2025-08-29,0.13
CSX,2025-11-28,0.13
CSX,2026-02-27,0.14
CSX,2026-05-29,0.14
CTAS,2024-08-15,0.39
CTAS,2024-11-15,0.39
CTAS,2025-02-14,0.39
CTAS,2025-05-15,0.39
CTAS,2025-08-15,0.45
CTAS,2025-11-14,0.45
CTAS,2026-02-13,0.45
CTAS,2026-05-15,0.45
CTAS,2026-08-14,0.52
CTSH,2024-08-20,0.3
CTSH,2024-11-19,0.3
CTSH,2025-02-18,0.31
CTSH,2025-05-19,0.31
CTSH,2025-08-18,0.31
CTSH,2025-11-18,0.31
CTSH,2026-02-18,0.33
CTSH,2026-05-18,0.33
CTSH,2026-08-18,0.33
CTVA,2024-09-03,0.17
CTVA,2024-12-02,0.17
CTVA,2025-03-03,0.17
CTVA,2025-06-02,0.17
CTVA,2025-09-02,0.18
CTVA,2025-12-01,0.18
CTVA,2026-03-02,0.18
CTVA,2026-06-01,0.18
CVS,2024-10-21,0.665
CVS,2025-01-23,0.665
CVS,2025-04-22,0.665
CVS,2025-07-22,0.665
CVS,2025-10-23,0.665
CVS,2026-01-22,0.665
CVS,2026-04-23,0.665
CVS,2026-07-23,0.665
CVX,2024-08-19,1.63
CVX,2024-11-18,1.63
CVX,2025-02-14,1.71
CVX,2025-05-19,1.71
CVX,2025-08-19,1.71
CVX,2025-11-18,1.71
CVX,2026-02-17,1.78
CVX,2026-05-19,1.78
CVX,2026-08-19,1.78
D,2024-08-30,0.6675
D,2024-11-29,0.6675
D,2025-02-28,0.6675
D,2025-05-29,0.6675
D,2025-09-05,0.6675
D,2025-12-05,0.6675
D,2026-02-27,0.6675
D,2026-05-29,0.6675
DAL,2024-10-10,0.15
DAL,2025-02-27,0.15
DAL,2025-05-13,0.15
DAL,2025-07-31,0.1875
DAL,2025-10-16,0.1875
DAL,2026-02-26,0.1875
DAL,2026-05-14,0.1875
DAL,2026-07-09,0.215
DD,2024-08-30,0.4768
DD,2024-11-29,0.4768
DD,2025-03-03,0.5144
DD,2025-05-30,0.5144
DD,2025-08-29,0.5144
DD,2025-11-28,0.6
DD,2026-03-02,0.6
DD,2026-05-15,0.6
DE,2024-09-30,1.47
DE,2024-12-31,1.62
DE,2025-03-31,1.62
DE,2025-06-30,1.62
DE,2025-09-30,1.62
DE,2025-12-31,1.62
DE,2026-03-31,1.62
DE,2026-06-30,1.62
DELL,2024-10-22,0.445
DELL,2025-01-22,0.445
DELL,2025-04-22,0.525
DELL,2025-07-22,0.525
DELL,2025-10-21,0.525
DELL,2026-01-20,0.525
DELL,2026-04-21,0.63
DELL,2026-07-21,0.63
DG,2024-10-08,0.59
DG,2025-01-07,0.59
DG,2025-04-08,0.59
DG,2025-07-08,0.59
DG,2025-10-07,0.59
DG,2026-01-06,0.59
DG,2026-04-07,0.59
DG,2026-07-07,0.59
DGX,2024-10-04,0.75
DGX,2025-01-14,0.75
DGX,2025-04-07,0.8
DGX,2025-07-07,0.8
DGX,2025-10-03,0.8
DGX,2026-01-13,0.8
DGX,2026-04-06,0.86
DGX,2026-07-08,0.86
DHI,2024-11-12,0.4
DHI,2025-02-07,0.4
DHI,2025-05-02,0.4
DHI,2025-08-07,0.4
DHI,2025-11-13,0.45
DHI,2026-02-05,0.45
DHI,2026-05-07,0.45
DHI,2026-08-06,0.45
DHR,2024-09-27,0.27
DHR,2024-12-27,0.27
DHR,2025-03-28,0.32
DHR,2025-06-27,0.32
DHR,2025-09-26,0.32
DHR,2025-12-26,0.32
DHR,2026-03-27,0.4
DHR,2026-06-26,0.4
DIS,2024-12-16,0.5
DIS,2025-06-24,0.5
DIS,2025-12-15,0.75
DIS,2026-06-30,0.75
DLR,2024-09-13,1.22
DLR,2024-12-13,1.22
DLR,2025-03-14,1.22
DLR,2025-06-13,1.22
DLR,2025-09-15,1.22
DLR,2025-12-15,1.22
DLR,2026-03-13,1.22
DLR,2026-06-15,1.22
DOC,2024-08-05,0.3
DOC,2024-11-04,0.3
DOC,2025-02-14,0.305
DOC,2025-04-17,0.1017
DOC,2025-05-19,0.1017
DOC,2025-06-16,0.1017
DOC,2025-07-18,0.1017
DOC,2025-08-18,0.1017
DOC,2025-09-19,0.1017
DOC,2025-10-17,0.1017
DOC,2025-11-14,0.1017
DOC,2025-12-19,0.1017
DOC,2026-01-16,0.1017
DOC,2026-02-13,0.1017
DOC,2026-03-17,0.1017
DOC,2026-04-17,0.1017
DOC,2026-05-18,0.1017
DOC,2026-06-15,0.1017
DOC,2026-07-20,0.1017
DOC,2026-08-17,0.1017
DOV,2024-08-30,0.515
DOV,2024-11-29,0.515
DOV,2025-02-28,0.515
DOV,2025-05-30,0.515
DOV,2025-08-29,0.52
DOV,2025-11-28,0.52
DOV,2026-02-27,0.52
DOV,2026-05-29,0.52
DOW,2024-08-30,0.7
DOW,2024-11-29,0.7
DOW,2025-02-28,0.7
DOW,2025-05-30,0.7
DOW,2025-08-29,0.35
DOW,2025-11-28,0.35
DOW,2026-02-27,0.35
DOW,2026-05-29,0.35
DPZ,2025-03-14,1.74
DPZ,2025-06-13,1.74
DPZ,2025-09-15,1.74
DPZ,2025-12-15,1.74
DPZ,2026-03-13,1.99
DPZ,2026-06-15,1.99
DRI,2024-10-10,1.4
DRI,2025-01-10,1.4
DRI,2025-04-10,1.4
DRI,2025-07-10,1.5
DRI,2025-10-10,1.5
DRI,2026-01-09,1.5
DRI,2026-04-10,1.5
DRI,2026-07-10,1.62
DTE,2024-09-16,1.02
DTE,2024-12-16,1.09
DTE,2025-03-17,1.09
DTE,2025-06-16,1.09
DTE,2025-09-15,1.09
DTE,2025-12-15,1.165
DTE,2026-03-16,1.165
DTE,2026-06-22,1.165
DUK,2024-08-16,1.045
DUK,2024-11-15,1.045
DUK,2025-02-14,1.045
DUK,2025-05-16,1.045
DUK,2025-08-15,1.065
DUK,2025-11-14,1.065
DUK,2026-02-13,1.065
DUK,2026-05-15,1.065
DUK,2026-08-14,1.085
DVN,2024-09-13,0.44
DVN,2024-12-13,0.22
DVN,2025-03-14,0.24
DVN,2025-06-13,0.24
DVN,2025-09-15,0.24
DVN,2025-12-15,0.24
DVN,2026-03-13,0.24
DVN,2026-06-15,0.32
EBAY,2024-08-30,0.27
EBAY,2024-11-29,0.27
EBAY,2025-03-14,0.29
EBAY,2025-05-30,0.29
EBAY,2025-08-29,0.29
EBAY,2025-11-28,0.29
EBAY,2026-03-06,0.31
EBAY,2026-05-29,0.31
ECL,2024-09-17,0.57
ECL,2024-12-17,0.65
ECL,2025-03-18,0.65
ECL,2025-06-17,0.65
ECL,2025-09-16,0.65
ECL,2025-12-16,0.73
ECL,2026-03-17,0.73
ECL,2026-06-16,0.73
ED,2024-08-14,0.83
ED,2024-11-13,0.83
ED,2025-02-19,0.85
ED,2025-05-14,0.85
ED,2025-08-13,0.85
ED,2025-11-19,0.85
ED,2026-02-18,0.8875
ED,2026-05-13,0.8875
ED,2026-08-19,0.8875
EFX,2024-09-03,0.39
EFX,2024-11-22,0.39
EFX,2025-02-21,0.39
EFX,2025-05-23,0.5
EFX,2025-09-02,0.5
EFX,2025-11-24,0.5
EFX,2026-03-09,0.56
EFX,2026-05-22,0.56
EG,2024-09-16,2.0
EG,2024-11-27,2.0
EG,2025-03-17,2.0
EG,2025-05-28,2.0
EG,2025-09-03,2.0
EG,2025-11-26,2.0
EG,2026-03-13,2.0
EG,2026-06-12,2.0
EIX,2024-10-07,0.78
EIX,2025-01-07,0.8275
EIX,2025-04-07,0.8275
EIX,2025-07-07,0.8275
EIX,2025-10-07,0.8275
EIX,2026-01-07,0.8775
EIX,2026-04-07,0.8775
EIX,2026-07-07,0.8775
EL,2024-08-30,0.66
EL,2024-11-29,0.35
EL,2025-02-28,0.35
EL,2025-05-30,0.35
EL,2025-09-02,0.35
EL,2025-11-28,0.35
EL,2026-02-27,0.35
EL,2026-05-29,0.35
ELV,2024-09-10,1.63
ELV,2024-12-05,1.63
ELV,2025-03-10,1.71
ELV,2025-06-10,1.71
ELV,2025-09-10,1.71
ELV,2025-12-05,1.71
ELV,2026-03-10,1.72
ELV,2026-06-10,1.72
EME,2024-10-15,0.25
EME,2025-04-17,0.25
EME,2026-01-14,0.4
EME,2026-07-15,0.4
EMR,2024-08-16,0.525
EMR,2024-11-15,0.5275
EMR,2025-02-14,0.5275
EMR,2025-05-16,0.5275
EMR,2025-08-15,0.5275
EMR,2025-11-14,0.555
EMR,2026-02-13,0.555
EMR,2026-05-15,0.555
EMR,2026-08-14,0.555
EOG,2024-10-17,0.91
EOG,2025-01-17,0.975
EOG,2025-04-16,0.975
EOG,2025-07-17,0.975
EOG,2025-10-17,1.02
EOG,2026-01-16,1.02
EOG,2026-04-16,1.02
EOG,2026-07-17,1.02
EQIX,2024-08-21,4.26
EQIX,2024-11-13,4.26
EQIX,2025-02-26,4.69
EQIX,2025-05-21,4.69
EQIX,2025-08-20,4.69
EQIX,2025-11-19,4.69
EQIX,2026-02-25,5.16
EQIX,2026-05-20,5.16
EQIX,2026-08-19,5.16
EQT,2024-08-07,0.1575
EQT,2024-11-06,0.1575
EQT,2025-02-18,0.1575
EQT,2025-05-07,0.1575
EQT,2025-08-06,0.1575
EQT,2025-11-05,0.165
EQT,2026-02-17,0.165
EQT,2026-05-06,0.165
EQT,2026-08-05,0.165
ERIE,2024-10-07,1.275
ERIE,2025-01-07,1.365
ERIE,2025-04-07,1.365
ERIE,2025-07-08,1.365
ERIE,2025-10-06,1.365
ERIE,2026-01-06,1.4625
ERIE,2026-04-07,1.4625
ERIE,2026-07-07,1.4625
ES,2024-09-23,0.715
ES,2024-12-18,0.715
ES,2025-03-04,0.7525
ES,2025-05-15,0.7525
ES,2025-09-22,0.7525
ES,2025-12-17,0.7525
ES,2026-03-05,0.7875
ES,2026-05-18,0.7875
ESS,2024-09-30,2.45
ESS,2025-01-02,2.45
ESS,2025-03-31,2.57
ESS,2025-06-30,2.57
ESS,2025-09-30,2.57
ESS,2026-01-02,2.57
ESS,2026-03-31,2.59
ESS,2026-06-30,2.59
ETN,2024-08-05,0.94
ETN,2024-11-04,0.94
ETN,2025-03-10,1.04
ETN,2025-05-05,1.04
ETN,2025-08-07,1.04
ETN,2025-11-06,1.04
ETN,2026-03-10,1.1
ETN,2026-05-08,1.1
ETN,2026-08-07,1.1
ETR,2024-08-13,0.565
ETR,2024-11-13,0.6
ETR,2025-02-10,0.6
ETR,2025-05-02,0.6
ETR,2025-08-13,0.6
ETR,2025-11-13,0.64
ETR,2026-02-09,0.64
ETR,2026-05-01,0.64
ETR,2026-08-13,0.64
EVRG,2024-08-20,0.6425
EVRG,2024-11-21,0.6675
EVRG,2025-03-10,0.6675
EVRG,2025-05-23,0.6675
EVRG,2025-08-22,0.6675
EVRG,2025-11-21,0.695
EVRG,2026-03-10,0.695
EVRG,2026-05-22,0.695
EVRG,2026-08-18,0.695
EXC,2024-08-12,0.38
EXC,2024-11-08,0.38
EXC,2025-02-24,0.4
EXC,2025-05-12,0.4
EXC,2025-08-11,0.4
EXC,2025-11-10,0.4
EXC,2026-03-02,0.42
EXC,2026-06-04,0.42
EXE,2024-08-15,0.575
EXE,2024-11-14,0.575
EXE,2025-03-11,0.575
EXE,2025-05-15,0.575
EXE,2025-08-14,1.465
EXE,2025-11-13,0.575
EXE,2026-03-05,0.575
EXE,2026-05-14,0.575
EXE,2026-08-13,0.575
EXPD,2024-12-02,0.73
EXPD,2025-06-02,0.77
EXPD,2025-12-01,0.77
EXPD,2026-06-01,0.81
EXPE,2025-03-06,0.4
EXPE,2025-05-29,0.4
EXPE,2025-08-28,0.4
EXPE,2025-11-19,0.4
EXPE,2026-03-05,0.48
EXPE,2026-05-28,0.48
EXR,2024-09-16,1.62
EXR,2024-12-16,1.62
EXR,2025-03-14,1.62
EXR,2025-06-16,1.62
EXR,2025-09-15,1.62
EXR,2025-12-15,1.62
EXR,2026-03-16,1.62
EXR,2026-06-15,1.62
F,2024-08-07,0.15
F,2024-11-07,0.15
F,2025-02-18,0.3
F,2025-05-12,0.15
F,2025-08-11,0.15
F,2025-11-07,0.15
F,2026-02-13,0.15
F,2026-05-12,0.15
F,2026-08-11,0.15
FANG,2024-08-15,2.34
FANG,2024-11-14,0.9
FANG,2025-03-06,1.0
FANG,2025-05-15,1.0
FANG,2025-08-14,1.0
FANG,2025-11-13,1.0
FANG,2026-03-05,1.05
FANG,2026-05-14,1.1
FANG,2026-08-13,1.1
FAST,2024-10-25,0.195
FAST,2025-01-31,0.215
FAST,2025-04-25,0.22
FAST,2025-07-29,0.22
FAST,2025-10-28,0.22
FAST,2026-01-29,0.24
FAST,2026-04-28,0.24
FAST,2026-07-28,0.26
FCX,2024-10-15,0.15
FCX,2025-01-15,0.15
FCX,2025-04-15,0.15
FCX,2025-07-15,0.15
FCX,2025-10-15,0.15
FCX,2026-01-15,0.15
FCX,2026-04-15,0.15
FCX,2026-07-15,0.15
FDS,2024-08-30,1.04
FDS,2024-11-29,1.04
FDS,2025-02-28,1.04
FDS,2025-05-30,1.1
FDS,2025-08-29,1.1
FDS,2025-11-28,1.1
FDS,2026-02-27,1.1
FDS,2026-05-29,1.16
FDX,2024-09-09,1.1113
FDX,2024-12-09,1.1113
FDX,2025-03-10,1.1113
FDX,2025-06-23,1.1676
FDX,2025-09-08,1.1676
FDX,2025-12-15,1.1676
FDX,2026-03-09,1.1676
FDX,2026-06-22,1.22
FE,2024-08-07,0.425
FE,2024-11-07,0.425
FE,2025-02-07,0.425
FE,2025-05-07,0.445
FE,2025-08-07,0.445
FE,2025-11-07,0.445
FE,2026-02-06,0.445
FE,2026-05-07,0.465
FE,2026-08-07,0.465
FERG,2024-09-27,0.79
FERG,2024-12-20,0.83
FERG,2025-03-21,0.83
FERG,2025-06-20,0.83
FERG,2025-09-26,0.83
FERG,2026-01-02,0.89
FERG,2026-03-06,0.89
FERG,2026-05-15,0.89
FERG,2026-08-21,0.89
FIS,2024-09-10,0.36
FIS,2024-12-09,0.36
FIS,2025-03-11,0.4
FIS,2025-06-10,0.4
FIS,2025-09-10,0.4
FIS,2025-12-09,0.4
FIS,2026-03-10,0.44
FIS,2026-06-11,0.44
FITB,2024-09-30,0.37
FITB,2024-12-31,0.37
FITB,2025-03-31,0.37
FITB,2026-06-12,2.2871
FITB,2026-06-30,0.4
FIX,2024-08-12,0.3
FIX,2024-11-14,0.35
FIX,2025-03-10,0.4
FIX,2025-05-16,0.45
FIX,2025-08-14,0.5
FIX,2025-11-13,0.6
FIX,2026-03-06,0.7
FIX,2026-08-13,0.9
FOX,2024-09-04,0.27
FOX,2025-03-05,0.27
FOX,2025-09-03,0.28
FOX,2026-03-04,0.28
FOXA,2024-09-04,0.27
FOXA,2025-03-05,0.27
FOXA,2025-09-03,0.28
FOXA,2026-03-04,0.28
FRT,2024-10-01,1.1
FRT,2025-01-02,1.1
FRT,2025-04-01,1.1
FRT,2025-07-01,1.1
FRT,2025-10-01,1.13
FRT,2026-01-02,1.13
FRT,2026-04-01,1.13
FRT,2026-07-01,1.13
FTV,2024-09-13,0.0603
FTV,2024-11-29,0.0603
FTV,2025-02-28,0.0603
FTV,2025-05-30,0.0603
FTV,2025-09-12,0.06
FTV,2025-11-28,0.06
FTV,2026-03-13,0.06
FTV,2026-06-22,0.06
GD,2024-10-11,1.42
GD,2025-01-17,1.42
GD,2025-04-11,1.5
GD,2025-07-03,1.5
GD,2025-10-10,1.5
GD,2026-01-16,1.5
GD,2026-04-10,1.59
GD,2026-07-02,1.59
GE,2024-09-26,0.28
GE,2024-12-27,0.28
GE,2025-03-10,0.36
GE,2025-07-07,0.36
GE,2025-09-29,0.36
GE,2025-12-29,0.36
GE,2026-03-09,0.47
GE,2026-07-06,0.47
GEHC,2025-04-25,0.035
GEHC,2026-07-24,0.035
GEN,2024-08-19,0.125
GEN,2024-11-18,0.125
GEN,2025-02-14,0.125
GEN,2025-05-19,0.125
GEN,2025-08-18,0.125
GEN,2025-11-17,0.125
GEN,2026-02-13,0.125
GEN,2026-05-18,0.125
GEN,2026-08-17,0.125
GEV,2024-12-20,0.25
GEV,2025-04-17,0.25
GEV,2026-01-05,0.5
GEV,2026-03-17,0.5
GEV,2026-06-16,0.5
GILD,2024-09-13,0.77
GILD,2024-12-13,0.77
GILD,2025-03-14,0.79
GILD,2025-06-13,0.79
GILD,2025-09-15,0.79
GILD,2025-12-15,0.79
GILD,2026-03-13,0.82
GILD,2026-06-15,0.82
GIS,2024-10-10,0.6
GIS,2025-01-10,0.6
GIS,2025-04-10,0.6
GIS,2025-07-10,0.61
GIS,2025-10-10,0.61
GIS,2026-01-09,0.61
GIS,2026-04-10,0.61
GIS,2026-07-10,0.61
GL,2024-10-04,0.24
GL,2025-01-06,0.24
GL,2025-04-03,0.27
GL,2025-07-03,0.27
GL,2025-10-03,0.27
GL,2026-01-05,0.27
GL,2026-04-02,0.33
GL,2026-07-06,0.33
GLW,2024-08-30,0.28
GLW,2024-11-15,0.28
GLW,2025-02-28,0.28
GLW,2025-05-30,0.28
GLW,2025-08-29,0.28
GLW,2025-11-14,0.28
GLW,2026-02-27,0.28
GLW,2026-05-29,0.28
GM,2024-09-06,0.12
GM,2024-12-06,0.12
GM,2025-03-07,0.12
GM,2025-06-06,0.15
GM,2025-09-05,0.15
GM,2025-12-05,0.15
GM,2026-03-06,0.18
GM,2026-06-05,0.18
GOOG,2024-09-09,0.2
GOOG,2024-12-09,0.2
GOOG,2025-03-10,0.2
GOOG,2025-06-09,0.21
GOOG,2025-09-08,0.21
GOOG,2025-12-08,0.21
GOOG,2026-03-09,0.21
GOOG,2026-06-08,0.22
GOOGL,2024-09-09,0.2
GOOGL,2024-12-09,0.2
GOOGL,2025-03-10,0.2
GOOGL,2025-06-09,0.21
GOOGL,2025-09-08,0.21
GOOGL,2025-12-08,0.21
GOOGL,2026-03-09,0.21
GOOGL,2026-06-08,0.22
GPC,2024-09-06,1.0
GPC,2024-12-06,1.0
GPC,2025-03-07,1.03
GPC,2025-06-06,1.03
GPC,2025-09-05,1.03
GPC,2025-12-05,1.03
GPC,2026-03-06,1.0625
GPC,2026-06-05,1.0625
GPN,2024-09-13,0.25
GPN,2024-12-13,0.25
GPN,2025-03-14,0.25
GPN,2025-06-13,0.25
GPN,2025-09-12,0.25
GPN,2025-12-12,0.25
GPN,2026-03-09,0.25
GPN,2026-06-12,0.25
GRMN,2024-09-13,0.75
GRMN,2024-12-13,0.75
GRMN,2025-03-14,0.75
GRMN,2025-06-16,0.9
GRMN,2025-09-12,0.9
GRMN,2025-12-12,0.9
GRMN,2026-03-13,0.9
GRMN,2026-06-15,1.05
GS,2024-08-30,3.0
GS,2024-12-02,3.0
GS,2025-02-28,3.0
GS,2025-05-30,3.0
GS,2025-08-29,4.0
GS,2025-12-02,4.0
GS,2026-03-02,4.5
GS,2026-06-01,4.5
GWW,2024-08-12,2.05
GWW,2024-11-08,2.05
GWW,2025-02-10,2.05
GWW,2025-05-12,2.26
GWW,2025-08-11,2.26
GWW,2025-11-10,2.26
GWW,2026-02-09,2.26
GWW,2026-05-11,2.49
GWW,2026-08-10,2.49
HAL,2024-09-04,0.17
HAL,2024-12-04,0.17
HAL,2025-03-05,0.17
HAL,2025-06-04,0.17
HAL,2025-09-03,0.17
HAL,2025-12-03,0.17
HAL,2026-03-04,0.17
HAL,2026-06-03,0.17
HAS,2024-08-21,0.7
HAS,2024-11-20,0.7
HAS,2025-03-03,0.7
HAS,2025-05-21,0.7
HAS,2025-08-20,0.7
HAS,2025-11-19,0.7
HAS,2026-02-18,0.7
HAS,2026-06-01,0.7
HAS,2026-08-19,0.7
HBAN,2024-09-17,0.155
HBAN,2024-12-18,0.155
HBAN,2025-03-18,0.155
HBAN,2025-06-17,0.155
HBAN,2025-09-17,0.155
HBAN,2025-12-18,0.155
HBAN,2026-03-18,0.155
HBAN,2026-06-17,0.155
HCA,2024-09-16,0.66
HCA,2024-12-13,0.66
HCA,2025-03-17,0.72
HCA,2025-06-16,0.72
HCA,2025-09-16,0.72
HCA,2025-12-15,0.72
HCA,2026-03-17,0.78
HCA,2026-06-16,0.78
HD,2024-08-29,2.25
HD,2024-11-27,2.25
HD,2025-03-13,2.3
HD,2025-06-05,2.3
HD,2025-09-04,2.3
HD,2025-12-04,2.3
HD,2026-03-12,2.33
HD,2026-06-04,2.33
HIG,2024-09-03,0.47
HIG,2024-12-02,0.52
HIG,2025-03-03,0.52
HIG,2025-06-02,0.52
HIG,2025-09-02,0.52
HIG,2025-12-01,0.6
HIG,2026-03-02,0.6
HIG,2026-06-01,0.6
HII,2024-08-30,1.3
HII,2024-11-29,1.35
HII,2025-02-28,1.35
HII,2025-05-30,1.35
HII,2025-08-29,1.35
HII,2025-11-28,1.38
HII,2026-02-27,1.38
HII,2026-05-29,1.38
HLT,2024-08-23,0.15
HLT,2024-11-15,0.15
HLT,2025-02-21,0.15
HLT,2025-05-23,0.15
HLT,2025-08-29,0.15
HLT,2025-11-21,0.15
HON,2024-08-16,1.0666
HON,2024-11-15,1.116
HON,2025-02-28,1.116
HON,2025-05-16,1.116
HON,2025-08-15,1.116
HON,2025-11-14,1.2474
HON,2026-02-27,1.2474
HON,2026-05-15,1.2474
HON,2026-08-14,0.7
HPE,2024-09-19,0.13
HPE,2024-12-20,0.13
HPE,2025-03-21,0.13
HPE,2025-06-18,0.13
HPE,2025-09-18,0.13
HPE,2025-12-19,0.1425
HPE,2026-03-24,0.1425
HPE,2026-06-16,0.1425
HPQ,2024-09-11,0.2756
HPQ,2024-12-11,0.2894
HPQ,2025-03-12,0.2894
HPQ,2025-06-11,0.2894
HPQ,2025-09-10,0.2894
HPQ,2025-12-11,0.3
HPQ,2026-03-11,0.3
HPQ,2026-06-10,0.3
HRL,2024-10-15,0.2825
HRL,2025-01-13,0.29
HRL,2025-04-14,0.29
HRL,2025-07-14,0.29
HRL,2025-10-14,0.29
HRL,2026-01-12,0.2925
HRL,2026-04-13,0.2925
HRL,2026-07-13,0.2925
HST,2024-09-30,0.2
HST,2024-12-31,0.3
HST,2025-03-31,0.2
HST,2025-06-30,0.2
HST,2025-09-30,0.2
HST,2025-12-31,0.35
HST,2026-03-31,0.2
HST,2026-06-30,0.92
HSY,2024-08-16,1.37
HSY,2024-11-18,1.37
HSY,2025-02-14,1.37
HSY,2025-05-16,1.37
HSY,2025-08-15,1.37
HSY,2025-11-17,1.37
HSY,2026-02-17,1.452
HSY,2026-05-15,1.452
HSY,2026-08-14,1.452
HUBB,2024-08-30,1.22
HUBB,2024-11-29,1.32
HUBB,2025-02-28,1.32
HUBB,2025-05-30,1.32
HUBB,2025-08-29,1.32
HUBB,2025-11-28,1.42
HUBB,2026-02-27,1.42
HUBB,2026-05-29,1.42
HUM,2024-09-30,0.885
HUM,2024-12-31,0.885
HUM,2025-03-28,0.885
HUM,2025-06-27,0.885
HUM,2025-09-26,0.885
HUM,2025-12-26,0.885
HUM,2026-03-27,0.885
HUM,2026-06-26,0.885
HWM,2024-08-09,0.08
HWM,2024-11-08,0.08
HWM,2025-02-07,0.1
HWM,2025-05-09,0.1
HWM,2025-08-08,0.12
HWM,2025-11-07,0.12
HWM,2026-02-06,0.12
IBKR,2024-08-30,0.0625
IBKR,2024-11-29,0.0625
IBKR,2025-02-28,0.0625
IBKR,2025-05-30,0.08
IBKR,2025-08-29,0.08
IBKR,2025-12-01,0.08
IBKR,2026-02-27,0.08
IBKR,2026-06-01,0.0875
IBM,2024-08-09,1.67
IBM,2024-11-12,1.67
IBM,2025-02-10,1.67
IBM,2025-05-09,1.68
IBM,2025-08-08,1.68
IBM,2025-11-10,1.68
IBM,2026-02-10,1.68
IBM,2026-05-08,1.69
IBM,2026-08-10,1.69
ICE,2024-09-16,0.45
ICE,2024-12-16,0.45
ICE,2025-03-17,0.48
ICE,2025-06-13,0.48
ICE,2025-09-16,0.48
ICE,2025-12-16,0.48
ICE,2026-03-17,0.52
ICE,2026-06-15,0.52
IEX,2024-10-11,0.69
IEX,2025-01-17,0.69
IEX,2025-05-19,0.71
IEX,2025-07-11,0.71
IEX,2025-10-10,0.71
IEX,2026-01-16,0.71
IEX,2026-05-22,0.73
IEX,2026-07-06,0.73
IFF,2024-09-20,0.4
IFF,2024-12-20,0.4
IFF,2025-03-21,0.4
IFF,2025-06-20,0.4
IFF,2025-09-29,0.4
IFF,2025-12-19,0.4
IFF,2026-03-20,0.4
IFF,2026-06-18,0.4
INTC,2024-08-07,0.125
INTU,2024-10-10,1.04
INTU,2025-01-10,1.04
INTU,2025-04-10,1.04
INTU,2025-07-10,1.04
INTU,2025-10-09,1.2
INTU,2026-01-09,1.2
INTU,2026-04-09,1.2
INTU,2026-07-09,1.2
INVH,2024-09-26,0.28
INVH,2024-12-26,0.29
INVH,2025-03-27,0.29
INVH,2025-06-26,0.29
INVH,2025-09-25,0.29
INVH,2025-12-23,0.3
INVH,2026-03-26,0.3
INVH,2026-06-25,0.3
IP,2024-08-15,0.4625
IP,2024-11-15,0.4625
IP,2025-02-24,0.4625
IP,2025-05-23,0.4625
IP,2025-08-15,0.4625
IP,2025-11-14,0.4625
IP,2026-02-23,0.4625
IP,2026-05-22,0.4625
IP,2026-08-14,0.4625
IRM,2024-09-16,0.715
IRM,2024-12-16,0.715
IRM,2025-03-17,0.785
IRM,2025-06-16,0.785
IRM,2025-09-15,0.785
IRM,2025-12-15,0.864
IRM,2026-03-16,0.864
IRM,2026-06-15,0.864
ITW,2024-09-30,1.5
ITW,2024-12-31,1.5
ITW,2025-03-31,1.5
ITW,2025-06-30,1.5
ITW,2025-09-30,1.61
ITW,2025-12-31,1.61
ITW,2026-03-31,1.61
ITW,2026-06-30,1.61
IVZ,2024-08-16,0.205
IVZ,2024-11-14,0.205
IVZ,2025-02-14,0.205
IVZ,2025-05-14,0.21
IVZ,2025-08-14,0.21
IVZ,2025-11-14,0.21
IVZ,2026-02-13,0.21
IVZ,2026-05-15,0.215
IVZ,2026-08-14,0.215
J,2024-10-25,0.29
J,2025-02-21,0.32
J,2025-05-23,0.32
J,2025-08-22,0.32
J,2025-12-02,0.32
J,2026-02-20,0.36
J,2026-05-22,0.36
J,2026-08-21,0.36
JBHT,2024-08-02,0.43
JBHT,2024-11-08,0.43
JBHT,2025-02-07,0.44
JBHT,2025-05-09,0.44
JBHT,2025-08-08,0.44
JBHT,2025-11-07,0.44
JBHT,2026-02-06,0.45
JBHT,2026-05-08,0.45
JBHT,2026-08-07,0.45
JBL,2024-08-15,0.08
JBL,2024-11-15,0.08
JCI,2024-09-25,0.37
JCI,2024-12-23,0.37
JCI,2025-03-24,0.37
JCI,2025-06-23,0.37
JCI,2025-09-22,0.4
JCI,2025-12-22,0.4
JCI,2026-03-16,0.4
JCI,2026-06-15,0.4
JKHY,2024-09-06,0.55
JKHY,2024-12-02,0.55
JKHY,2025-03-06,0.58
JKHY,2025-05-29,0.58
JKHY,2025-09-05,0.58
JKHY,2025-12-02,0.58
JKHY,2026-03-05,0.61
JKHY,2026-06-01,0.61
JNJ,2024-08-27,1.24
JNJ,2024-11-26,1.24
JNJ,2025-02-18,1.24
JNJ,2025-05-27,1.3
JNJ,2025-08-26,1.3
JNJ,2025-11-25,1.3
JNJ,2026-02-24,1.3
JNJ,2026-05-26,1.34
JPM,2024-10-04,1.25
JPM,2025-01-06,1.25
JPM,2025-04-04,1.4
JPM,2025-07-03,1.4
JPM,2025-10-06,1.5
JPM,2026-01-06,1.5
JPM,2026-04-06,1.5
JPM,2026-07-06,1.5
KDP,2024-09-27,0.23
KDP,2025-01-03,0.23
KDP,2025-03-28,0.23
KDP,2025-06-27,0.23
KDP,2025-09-26,0.23
KDP,2026-01-02,0.23
KDP,2026-03-27,0.23
KDP,2026-06-26,0.23
KEY,2024-08-27,0.205
KEY,2024-12-03,0.205
KEY,2025-03-04,0.205
KEY,2025-05-27,0.205
KEY,2025-09-02,0.205
KEY,2025-12-02,0.205
KEY,2026-03-03,0.205
KEY,2026-06-02,0.205
KHC,2024-08-30,0.4
KHC,2024-11-29,0.4
KHC,2025-03-07,0.4
KHC,2025-05-30,0.4
KHC,2025-08-29,0.4
KHC,2025-11-28,0.4
KHC,2026-03-06,0.4
KHC,2026-06-05,0.4
KIM,2024-09-05,0.24
KIM,2024-12-05,0.25
KIM,2025-03-07,0.25
KIM,2025-06-06,0.25
KIM,2025-09-05,0.25
KIM,2025-12-05,0.26
KIM,2026-03-06,0.26
KIM,2026-06-05,0.26
KKR,2024-08-12,0.175
KKR,2024-11-04,0.175
KKR,2025-02-14,0.175
KKR,2025-05-12,0.185
KKR,2025-08-11,0.185
KKR,2025-11-17,0.185
KKR,2026-02-17,0.185
KKR,2026-05-15,0.195
KKR,2026-08-10,0.195
KLAC,2024-08-15,0.145
KLAC,2024-11-18,0.17
KLAC,2025-02-24,0.17
KLAC,2025-05-19,0.19
KLAC,2025-08-18,0.19
KLAC,2025-11-17,0.19
KLAC,2026-02-17,0.19
KLAC,2026-05-18,0.23
KLAC,2026-08-17,0.23
KMB,2025-06-06,1.26
KMB,2025-09-05,1.26
KMB,2025-12-05,1.26
KMB,2026-03-06,1.28
KMB,2026-06-05,1.28
KMI,2024-10-31,0.2875
KMI,2025-02-03,0.2875
KMI,2025-04-30,0.2925
KMI,2025-07-31,0.2925
KMI,2025-11-03,0.2925
KMI,2026-02-02,0.2925
KMI,2026-05-04,0.2975
KMI,2026-08-03,0.2975
KO,2024-09-13,0.485
KO,2024-11-29,0.485
KO,2025-03-14,0.51
KO,2025-06-13,0.51
KO,2025-09-15,0.51
KO,2025-12-01,0.51
KO,2026-03-13,0.53
KO,2026-06-15,0.53
KR,2024-08-15,0.32
KR,2024-11-15,0.32
KR,2025-02-14,0.32
KR,2025-05-15,0.32
KR,2025-08-15,0.35
KR,2025-11-14,0.35
KR,2026-02-13,0.35
KR,2026-05-15,0.35
KR,2026-08-14,0.39
KVUE,2024-08-14,0.205
KVUE,2024-11-13,0.205
KVUE,2025-02-12,0.205
KVUE,2025-05-14,0.205
KVUE,2025-08-13,0.2075
KVUE,2025-11-12,0.2075
KVUE,2026-02-11,0.2075
KVUE,2026-05-13,0.2075
KVUE,2026-08-12,0.21
L,2024-08-21,0.0625
L,2024-11-27,0.0625
L,2025-02-26,0.0625
L,2025-05-28,0.0625
L,2025-08-20,0.0625
L,2025-11-26,0.0625
L,2026-02-25,0.0625
L,2026-05-27,0.0625
L,2026-08-19,0.0625
LDOS,2024-09-13,0.38
LDOS,2024-12-16,0.4
LDOS,2025-03-14,0.4
LDOS,2025-06-16,0.4
LDOS,2025-09-15,0.4
LDOS,2025-12-15,0.43
LDOS,2026-03-16,0.43
LDOS,2026-06-15,0.43
LEN,2024-10-09,0.5
LEN,2025-01-29,0.5
LEN,2025-04-23,0.5
LEN,2025-07-03,0.5
LEN,2025-10-10,0.5
LEN,2026-02-04,0.5
LEN,2026-04-22,0.5
LEN,2026-07-10,0.5
LH,2024-08-29,0.72
LH,2024-11-26,0.72
LH,2025-02-27,0.72
LH,2025-05-29,0.72
LH,2025-08-28,0.72
LH,2025-11-26,0.72
LH,2026-02-27,0.72
LH,2026-05-29,0.72
LHX,2024-09-06,1.16
LHX,2024-11-18,1.16
LHX,2025-03-10,1.2
LHX,2025-06-03,1.2
LHX,2025-09-05,1.2
LHX,2025-11-17,1.2
LHX,2026-03-06,1.25
LHX,2026-06-05,1.25
LII,2024-09-30,1.15
LII,2024-12-31,1.15
LII,2025-04-30,1.15
LII,2025-06-30,1.3
LII,2025-09-30,1.3
LII,2025-12-31,1.3
LII,2026-03-31,1.3
LII,2026-06-30,1.36
LIN,2024-09-04,1.39
LIN,2024-12-03,1.39
LIN,2025-03-13,1.5
LIN,2025-06-04,1.5
LIN,2025-09-04,1.5
LIN,2025-12-03,1.5
LIN,2026-03-11,1.6
LIN,2026-06-04,1.6
LLY,2024-08-15,1.3
LLY,2024-11-15,1.3
LLY,2025-02-14,1.5
LLY,2025-05-16,1.5
LLY,2025-08-15,1.5
LLY,2025-11-14,1.5
LLY,2026-02-13,1.73
LLY,2026-05-15,1.73
LLY,2026-08-14,1.73
LMT,2024-09-03,3.15
LMT,2024-12-02,3.3
LMT,2025-03-03,3.3
LMT,2025-06-02,3.3
LMT,2025-09-02,3.3
LMT,2025-12-01,3.45
LMT,2026-03-02,3.45
LMT,2026-06-01,3.45
LNT,2024-10-31,0.48
LNT,2025-01-31,0.5075
LNT,2025-04-30,0.5075
LNT,2025-07-31,0.5075
LNT,2025-10-31,0.5075
LNT,2026-01-30,0.535
LNT,2026-04-30,0.535
LNT,2026-07-31,0.535
LOW,2024-10-23,1.15
LOW,2025-01-22,1.15
LOW,2025-04-23,1.15
LOW,2025-07-23,1.2
LOW,2025-10-22,1.2
LOW,2026-01-21,1.2
LOW,2026-04-22,1.2
LOW,2026-07-22,1.25
LRCX,2024-09-17,0.23
LRCX,2024-12-11,0.23
LRCX,2025-03-05,0.23
LRCX,2025-06-18,0.23
LRCX,2025-09-24,0.26
LRCX,2025-12-03,0.26
LRCX,2026-03-04,0.26
LRCX,2026-06-17,0.26
LUV,2024-09-04,0.18
LUV,2024-12-26,0.18
LUV,2025-03-12,0.18
LUV,2025-06-18,0.18
LUV,2025-09-03,0.18
LUV,2025-12-26,0.18
LUV,2026-03-12,0.18
LUV,2026-06-11,0.18
LVS,2024-08-06,0.2
LVS,2024-11-05,0.2
LVS,2025-02-10,0.25
LVS,2025-05-06,0.25
LVS,2025-08-05,0.25
LVS,2025-11-04,0.25
LVS,2026-02-09,0.3
LVS,2026-05-05,0.3
LVS,2026-08-04,0.3
LYB,2024-08-26,1.34
LYB,2024-12-02,1.34
LYB,2025-03-10,1.34
LYB,2025-06-02,1.37
LYB,2025-08-25,1.37
LYB,2025-12-01,1.37
LYB,2026-03-02,0.69
LYB,2026-06-01,0.69
MA,2024-10-09,0.66
MA,2025-01-10,0.76
MA,2025-04-09,0.76
MA,2025-07-09,0.76
MA,2025-10-09,0.76
MA,2026-01-09,0.87
MA,2026-04-09,0.87
MA,2026-07-09,0.87
MAA,2024-10-15,1.47
MAA,2025-01-15,1.515
MAA,2025-04-15,1.515
MAA,2025-07-15,1.515
MAA,2025-10-15,1.515
MAA,2026-01-15,1.53
MAA,2026-04-15,1.53
MAA,2026-07-15,1.53
MAR,2024-08-16,0.63
MAR,2024-11-21,0.63
MAR,2025-02-27,0.63
MAR,2025-05-23,0.67
MAR,2025-08-21,0.67
MAR,2025-11-20,0.67
MAR,2026-02-26,0.67
MAR,2026-05-22,0.73
MAR,2026-08-20,0.73
MAS,2024-08-02,0.29
MAS,2024-11-08,0.29
MAS,2025-02-21,0.31
MAS,2025-05-23,0.31
MAS,2025-08-08,0.31
MAS,2025-11-07,0.31
MAS,2026-02-20,0.32
MAS,2026-05-22,0.32
MCD,2024-09-03,1.67
MCD,2024-12-02,1.77
MCD,2025-03-03,1.77
MCD,2025-06-02,1.77
MCD,2025-09-02,1.77
MCD,2025-12-01,1.86
MCD,2026-03-03,1.86
MCD,2026-06-02,1.86
MCHP,2024-08-22,0.454
MCHP,2024-11-22,0.455
MCHP,2025-02-24,0.455
MCHP,2025-05-22,0.455
MCHP,2025-08-22,0.455
MCHP,2025-11-24,0.455
MCHP,2026-02-23,0.455
MCHP,2026-05-22,0.455
MCK,2024-08-30,0.71
MCK,2024-12-02,0.71
MCK,2025-03-03,0.71
MCK,2025-06-02,0.71
MCK,2025-09-02,0.82
MCK,2025-12-01,0.82
MCK,2026-03-02,0.82
MCK,2026-06-01,0.82
MCO,2024-08-16,0.85
MCO,2024-11-22,0.85
MCO,2025-02-25,0.94
MCO,2025-05-16,0.94
MCO,2025-08-15,0.94
MCO,2025-11-21,0.94
MCO,2026-03-02,1.03
MCO,2026-05-15,1.03
MCO,2026-08-14,1.03
MDLZ,2024-09-30,0.47
MDLZ,2024-12-31,0.47
MDLZ,2025-03-31,0.47
MDLZ,2025-06-30,0.47
MDLZ,2025-09-30,0.5
MDLZ,2025-12-31,0.5
MDLZ,2026-03-31,0.5
MDLZ,2026-06-30,0.5
MDT,2024-09-27,0.7
MDT,2024-12-27,0.7
MDT,2025-03-28,0.7
MDT,2025-06-27,0.71
MDT,2025-09-26,0.71
MDT,2025-12-26,0.71
MDT,2026-03-27,0.71
MDT,2026-06-26,0.72
MET,2024-08-06,0.545
MET,2024-11-05,0.545
MET,2025-02-04,0.545
MET,2025-05-06,0.5675
MET,2025-08-05,0.5675
MET,2025-11-04,0.5675
MET,2026-02-03,0.5675
MET,2026-05-12,0.5925
MET,2026-08-04,0.5925
META,2024-09-16,0.5
META,2024-12-16,0.5
META,2025-03-14,0.525
META,2025-06-16,0.525
META,2025-09-22,0.525
META,2025-12-15,0.525
META,2026-03-16,0.525
META,2026-06-15,0.525
MKC,2024-10-07,0.42
MKC,2024-12-30,0.45
MKC,2025-04-07,0.45
MKC,2025-07-07,0.45
MKC,2025-10-14,0.45
MKC,2025-12-29,0.48
MKC,2026-04-20,0.48
MKC,2026-07-06,0.48
MLM,2024-09-03,0.79
MLM,2024-12-02,0.79
MLM,2025-03-03,0.79
MLM,2025-06-02,0.79
MLM,2025-09-02,0.83
MLM,2025-12-01,0.83
MLM,2026-03-02,0.83
MLM,2026-06-01,0.83
MMM,2024-08-26,0.7
MMM,2024-11-15,0.7
MMM,2025-02-14,0.73
MMM,2025-05-23,0.73
MMM,2025-08-25,0.73
MMM,2025-11-14,0.73
MMM,2026-02-13,0.78
MMM,2026-05-22,0.78
MO,2024-09-16,1.02
MO,2024-12-26,1.02
MO,2025-03-25,1.02
MO,2025-06-16,1.02
MO,2025-09-15,1.06
MO,2025-12-26,1.06
MO,2026-03-25,1.06
MO,2026-06-15,1.06
MOS,2024-09-05,0.21
MOS,2024-12-05,0.21
MOS,2025-03-06,0.22
MOS,2025-06-05,0.22
MOS,2025-09-08,0.22
MOS,2025-12-04,0.22
MOS,2026-03-09,0.22
MOS,2026-05-21,0.22
MPC,2024-08-21,0.825
MPC,2024-11-20,0.91
MPC,2025-02-19,0.91
MPC,2025-05-21,0.91
MPC,2025-08-20,0.91
MPC,2025-11-19,1.0
MPC,2026-02-18,1.0
MPC,2026-05-20,1.0
MPC,2026-08-19,1.0
MPWR,2024-09-30,1.25
MPWR,2024-12-31,1.25
MPWR,2025-03-31,1.56
MPWR,2025-06-30,1.56
MPWR,2025-09-30,1.56
MPWR,2025-12-31,1.56
MPWR,2026-03-31,2.0
MPWR,2026-06-30,2.0
MRK,2024-09-16,0.77
MRK,2024-12-16,0.81
MRK,2025-03-17,0.81
MRK,2025-06-16,0.81
MRK,2025-09-15,0.81
MRK,2025-12-15,0.85
MRK,2026-03-16,0.85
MRK,2026-06-15,0.85
MRSH,2024-10-04,0.815
MRSH,2025-01-30,0.815
MRSH,2025-04-03,0.815
MRSH,2025-07-24,0.9
MRSH,2025-10-02,0.9
MRSH,2026-01-29,0.9
MRSH,2026-04-09,0.9
MRSH,2026-07-23,0.99
MRVL,2024-10-11,0.06
MRVL,2025-01-10,0.06
MRVL,2025-04-11,0.06
MRVL,2025-07-11,0.06
MRVL,2025-10-10,0.06
MRVL,2026-01-09,0.06
MRVL,2026-04-10,0.06
MS,2024-10-31,0.925
MS,2025-01-31,0.925
MS,2025-04-30,0.925
MS,2025-07-31,1.0
MS,2025-10-31,1.0
MS,2026-01-30,1.0
MS,2026-04-30,1.0
MS,2026-07-31,1.15
MSCI,2024-08-16,1.6
MSCI,2024-11-15,1.6
MSCI,2025-02-14,1.8
MSCI,2025-05-16,1.8
MSCI,2025-08-15,1.8
MSCI,2025-11-14,1.8
MSCI,2026-02-13,2.05
MSCI,2026-05-15,2.05
MSCI,2026-08-14,2.05
MSFT,2024-08-15,0.75
MSFT,2024-11-21,0.83
MSFT,2025-02-20,0.83
MSFT,2025-05-15,0.83
MSFT,2025-08-21,0.83
MSFT,2025-11-20,0.91
MSFT,2026-02-19,0.91
MSFT,2026-05-21,0.91
MSFT,2026-08-20,0.91
MSI,2024-09-13,0.98
MSI,2024-12-13,1.09
MSI,2025-03-14,1.09
MSI,2025-06-13,1.09
MSI,2025-09-15,1.09
MSI,2025-12-15,1.21
MSI,2026-03-20,1.21
MSI,2026-06-17,1.21
MTB,2024-09-03,1.35
MTB,2024-12-02,1.35
MTB,2025-03-03,1.35
MTB,2025-06-02,1.35
MTB,2025-09-02,1.5
MTB,2025-12-01,1.5
MTB,2026-03-02,1.5
MTB,2026-06-01,1.5
MU,2024-10-07,0.115
MU,2024-12-30,0.115
MU,2025-03-31,0.115
MU,2025-07-07,0.115
MU,2025-10-03,0.115
NDAQ,2024-09-13,0.24
NDAQ,2024-12-06,0.24
NDAQ,2025-03-14,0.24
NDAQ,2025-06-13,0.27
NDAQ,2025-09-12,0.27
NDAQ,2025-12-05,0.27
NDAQ,2026-03-16,0.27
NDAQ,2026-06-12,0.31
NDSN,2024-08-27,0.78
NDSN,2025-01-02,0.78
NDSN,2025-03-20,0.78
NDSN,2025-06-18,0.78
NDSN,2025-09-11,0.82
NDSN,2025-12-17,0.82
NDSN,2026-03-19,0.82
NDSN,2026-06-18,0.82
NEE,2024-08-30,0.515
NEE,2024-11-22,0.515
NEE,2025-02-28,0.5665
NEE,2025-06-02,0.5665
NEE,2025-08-28,0.5665
NEE,2025-11-21,0.5665
NEE,2026-02-27,0.6232
NEE,2026-06-05,0.6232
NEM,2024-09-05,0.25
NEM,2024-11-27,0.25
NEM,2025-03-04,0.25
NEM,2025-05-27,0.25
NEM,2025-09-04,0.25
NEM,2025-11-26,0.25
NEM,2026-03-03,0.26
NEM,2026-05-27,0.26
NI,2024-10-31,0.265
NI,2025-02-03,0.28
NI,2025-04-30,0.28
NI,2025-07-31,0.28
NI,2025-10-31,0.28
NI,2026-02-03,0.3
NI,2026-04-30,0.3
NI,2026-07-31,0.3
NKE,2024-09-03,0.37
NKE,2024-12-02,0.4
NKE,2025-03-03,0.4
NKE,2025-06-02,0.4
NKE,2025-09-02,0.4
NKE,2025-12-01,0.41
NKE,2026-03-02,0.41
NKE,2026-06-01,0.41
NOC,2024-09-03,2.06
NOC,2024-12-02,2.06
NOC,2025-03-03,2.06
NOC,2025-06-02,2.31
NOC,2025-09-02,2.31
NOC,2025-12-01,2.31
NOC,2026-02-23,2.31
NOC,2026-06-01,2.47
NRG,2024-11-01,0.4075
NRG,2025-02-03,0.44
NRG,2025-05-01,0.44
NRG,2025-08-01,0.44
NRG,2025-11-03,0.44
NRG,2026-02-02,0.475
NRG,2026-05-01,0.475
NRG,2026-08-03,0.475
NSC,2024-08-02,1.35
NSC,2024-11-01,1.35
NSC,2025-02-07,1.35
NSC,2025-05-02,1.35
NSC,2025-08-01,1.35
NSC,2025-11-07,1.35
NSC,2026-02-06,1.35
NSC,2026-05-08,1.35
NSC,2026-08-07,1.35
NTAP,2024-10-04,0.52
NTAP,2025-01-03,0.52
NTAP,2025-04-04,0.52
NTAP,2025-07-03,0.52
NTAP,2025-10-03,0.52
NTAP,2026-01-02,0.52
NTAP,2026-04-02,0.52
NTAP,2026-07-10,0.52
NTRS,2024-09-06,0.75
NTRS,2024-12-06,0.75
NTRS,2025-03-14,0.75
NTRS,2025-06-06,0.75
NTRS,2025-09-05,0.8
NTRS,2025-12-05,0.8
NTRS,2026-03-06,0.8
NTRS,2026-06-05,0.8
NUE,2024-09-27,0.54
NUE,2024-12-31,0.55
NUE,2025-03-31,0.55
NUE,2025-06-30,0.55
NUE,2025-09-30,0.55
NUE,2025-12-31,0.56
NUE,2026-03-31,0.56
NUE,2026-06-30,0.56
NVDA,2026-06-04,0.25
NWS,2024-09-11,0.1
NWS,2025-03-12,0.1
NWS,2025-09-10,0.1
NWS,2026-03-11,0.1
NWSA,2024-09-11,0.1
NWSA,2025-03-12,0.1
NWSA,2025-09-10,0.1
NWSA,2026-03-11,0.1
NXPI,2024-09-12,1.014
NXPI,2024-12-05,1.014
NXPI,2025-03-19,1.014
NXPI,2025-06-25,1.014
NXPI,2025-09-17,1.014
NXPI,2025-12-10,1.014
NXPI,2026-03-25,1.014
NXPI,2026-06-24,1.014
O,2024-09-03,0.263
O,2024-10-01,0.2635
O,2024-11-01,0.2635
O,2024-12-02,0.2635
O,2025-01-02,0.264
O,2025-02-03,0.264
O,2025-03-03,0.268
O,2025-04-01,0.2685
O,2025-05-01,0.2685
O,2025-06-02,0.2685
O,2025-07-01,0.269
O,2025-08-01,0.269
O,2025-09-02,0.269
O,2025-10-01,0.2695
O,2025-10-31,0.2695
O,2025-11-28,0.2695
O,2025-12-31,0.27
O,2026-01-30,0.27
O,2026-02-27,0.27
O,2026-03-31,0.2705
O,2026-04-30,0.2705
O,2026-05-29,0.2705
O,2026-06-30,0.271
O,2026-07-31,0.271
ODFL,2024-09-04,0.26
ODFL,2024-12-04,0.26
ODFL,2025-03-05,0.28
ODFL,2025-06-04,0.28
ODFL,2025-09-03,0.28
ODFL,2025-12-03,0.28
ODFL,2026-03-04,0.29
ODFL,2026-06-03,0.29
OKE,2024-11-01,0.99
OKE,2025-02-03,1.03
OKE,2025-05-05,1.03
OKE,2025-08-01,1.03
OKE,2025-11-03,1.03
OKE,2026-02-02,1.07
OKE,2026-05-04,1.07
OKE,2026-08-03,1.07
OMC,2024-09-20,0.7
OMC,2024-12-20,0.7
OMC,2025-03-11,0.7
OMC,2025-06-10,0.7
OMC,2025-09-02,0.7
OMC,2025-12-19,0.8
OMC,2026-03-11,0.8
OMC,2026-06-10,0.8
ORCL,2024-10-10,0.4
ORCL,2025-01-10,0.4
ORCL,2025-04-10,0.5
ORCL,2025-07-10,0.5
ORCL,2025-10-09,0.5
ORCL,2026-01-09,0.5
ORCL,2026-04-09,0.5
ORCL,2026-07-10,0.5
OTIS,2024-08-16,0.39
OTIS,2024-11-15,0.39
OTIS,2025-02-14,0.39
OTIS,2025-05-16,0.42
OTIS,2025-08-15,0.42
OTIS,2025-11-14,0.42
OTIS,2026-02-13,0.42
OTIS,2026-05-15,0.44
OTIS,2026-08-14,0.44
OXY,2024-09-10,0.22
OXY,2024-12-10,0.22
OXY,2025-03-10,0.24
OXY,2025-06-10,0.24
OXY,2025-09-10,0.24
OXY,2025-12-10,0.24
OXY,2026-03-10,0.26
OXY,2026-06-10,0.26
PAYX,2024-08-08,0.98
PAYX,2024-11-07,0.98
PAYX,2025-02-07,0.98
PAYX,2025-05-12,1.08
PAYX,2025-07-21,1.08
PAYX,2025-11-07,1.08
PAYX,2026-01-28,1.08
PAYX,2026-05-13,1.19
PAYX,2026-07-28,1.19
PCAR,2024-08-15,0.3
PCAR,2024-11-13,0.3
PCAR,2024-12-20,3.0
PCAR,2025-02-12,0.33
PCAR,2025-05-14,0.33
PCAR,2025-08-14,0.33
PCAR,2025-11-12,0.33
PCAR,2025-12-19,1.4
PCAR,2026-02-11,0.33
PCAR,2026-05-13,0.35
PCAR,2026-08-12,0.35
PCG,2024-09-30,0.01
PCG,2024-12-31,0.025
PCG,2025-03-31,0.025
PCG,2025-06-30,0.025
PCG,2025-09-30,0.025
PCG,2025-12-31,0.05
PCG,2026-03-31,0.05
PCG,2026-06-30,0.05
PEG,2024-09-09,0.6
PEG,2024-12-10,0.6
PEG,2025-03-10,0.63
PEG,2025-06-09,0.63
PEG,2025-09-09,0.63
PEG,2025-12-10,0.63
PEG,2026-03-10,0.67
PEG,2026-06-09,0.67
PEP,2024-09-06,1.355
PEP,2024-12-06,1.355
PEP,2025-03-07,1.355
PEP,2025-06-06,1.4225
PEP,2025-09-05,1.4225
PEP,2025-12-05,1.4225
PEP,2026-03-06,1.4225
PEP,2026-06-05,1.48
PFE,2024-11-08,0.42
PFE,2025-01-24,0.43
PFE,2025-05-09,0.43
PFE,2025-07-25,0.43
PFE,2025-11-07,0.43
PFE,2026-01-23,0.43
PFE,2026-05-08,0.43
PFE,2026-07-24,0.43
PFG,2024-09-05,0.72
PFG,2024-12-02,0.73
PFG,2025-03-12,0.75
PFG,2025-06-02,0.76
PFG,2025-09-04,0.78
PFG,2025-12-03,0.79
PFG,2026-03-11,0.8
PFG,2026-06-01,0.82
PG,2024-10-18,1.0065
PG,2025-01-24,1.0065
PG,2025-04-21,1.0568
PG,2025-07-18,1.0568
PG,2025-10-24,1.0568
PG,2026-01-23,1.0568
PG,2026-04-24,1.0885
PG,2026-07-24,1.0885
PGR,2025-01-10,4.6
PGR,2026-01-02,13.6
PGR,2026-04-02,0.1
PH,2024-08-28,1.63
PH,2024-11-08,1.63
PH,2025-02-07,1.63
PH,2025-05-09,1.8
PH,2025-09-02,1.8
PH,2025-11-07,1.8
PH,2026-02-06,1.8
PH,2026-05-08,2.0
PHM,2024-09-17,0.2
PHM,2024-12-17,0.22
PHM,2025-03-18,0.22
PHM,2025-06-17,0.22
PHM,2025-09-16,0.22
PHM,2025-12-16,0.26
PHM,2026-03-17,0.26
PHM,2026-06-16,0.26
PKG,2024-09-16,1.25
PKG,2024-12-20,1.25
PKG,2025-03-14,1.25
PKG,2025-06-13,1.25
PKG,2025-09-15,1.25
PKG,2025-12-15,1.25
PKG,2026-03-13,1.25
PKG,2026-06-15,1.5
PLD,2024-09-16,0.96
PLD,2024-12-16,0.96
PLD,2025-03-18,1.01
PLD,2025-06-17,1.01
PLD,2025-09-16,1.01
PLD,2025-12-16,1.01
PLD,2026-03-17,1.07
PLD,2026-06-16,1.07
PM,2024-09-26,1.35
PM,2024-12-26,1.35
PM,2025-03-20,1.35
PM,2025-06-27,1.35
PM,2025-10-03,1.47
PM,2025-12-26,1.47
PM,2026-03-19,1.47
PM,2026-06-25,1.47
PNC,2024-10-16,1.6
PNC,2025-01-15,1.6
PNC,2025-04-16,1.6
PNC,2025-07-15,1.7
PNC,2025-10-14,1.7
PNC,2026-01-20,1.7
PNC,2026-04-14,1.7
PNC,2026-07-20,2.0
PNR,2024-10-18,0.23
PNR,2025-01-24,0.25
PNR,2025-04-17,0.25
PNR,2025-07-18,0.25
PNR,2025-10-24,0.25
PNR,2026-01-23,0.27
PNR,2026-04-17,0.27
PNR,2026-07-24,0.27
PNW,2024-11-04,0.895
PNW,2025-02-03,0.895
PNW,2025-05-05,0.895
PNW,2025-08-01,0.895
PNW,2025-11-03,0.91
PNW,2026-02-02,0.91
PNW,2026-05-04,0.91
PNW,2026-08-03,0.91
PPG,2024-08-12,0.68
PPG,2024-11-12,0.68
PPG,2025-02-21,0.68
PPG,2025-05-12,0.68
PPG,2025-08-11,0.71
PPG,2025-11-10,0.71
PPG,2026-02-20,0.71
PPG,2026-05-11,0.71
PPG,2026-08-10,0.74
PPL,2024-09-10,0.2575
PPL,2024-12-10,0.2575
PPL,2025-03-10,0.2725
PPL,2025-06-10,0.2725
PPL,2025-09-10,0.2725
PPL,2025-12-10,0.2725
PPL,2026-03-10,0.285
PPL,2026-06-10,0.285
PRU,2024-08-20,1.3
PRU,2024-11-19,1.3
PRU,2025-02-18,1.35
PRU,2025-05-20,1.35
PRU,2025-08-19,1.35
PRU,2025-11-18,1.35
PRU,2026-02-17,1.4
PRU,2026-05-26,1.4
PSA,2024-09-13,3.0
PSA,2024-12-13,3.0
PSA,2025-03-13,3.0
PSA,2025-06-12,3.0
PSA,2025-09-15,3.0
PSA,2025-12-15,3.0
PSA,2026-03-16,3.0
PSA,2026-06-15,3.0
PSKY,2025-09-15,0.05
PSKY,2025-12-18,0.05
PSKY,2026-03-16,0.05
PSKY,2026-06-15,0.05
PSX,2024-08-20,1.15
PSX,2024-11-18,1.15
PSX,2025-02-24,1.15
PSX,2025-05-19,1.2
PSX,2025-08-19,1.2
PSX,2025-11-17,1.2
PSX,2026-02-23,1.27
PSX,2026-05-18,1.27
PSX,2026-08-18,1.27
PYPL,2025-11-19,0.14
PYPL,2026-03-04,0.14
PYPL,2026-06-04,0.14
Q,2025-11-28,0.06
Q,2026-02-27,0.08
Q,2026-05-29,0.08
QCOM,2024-09-05,0.85
QCOM,2024-12-05,0.85
QCOM,2025-03-06,0.85
QCOM,2025-06-05,0.89
QCOM,2025-09-04,0.89
QCOM,2025-12-04,0.89
QCOM,2026-03-05,0.89
QCOM,2026-06-04,0.92
RCL,2024-09-20,0.4
RCL,2024-12-27,0.55
RCL,2025-03-07,0.75
RCL,2025-06-04,0.75
RCL,2025-09-25,1.0
RCL,2025-12-26,1.0
RCL,2026-03-06,1.5
RCL,2026-06-03,1.5
REG,2024-09-12,0.67
REG,2024-12-16,0.705
REG,2025-03-12,0.705
REG,2025-06-11,0.705
REG,2025-09-11,0.705
REG,2025-12-15,0.755
REG,2026-03-11,0.755
REG,2026-06-12,0.755
REGN,2025-02-20,0.88
REGN,2025-05-20,0.88
REGN,2025-08-18,0.88
REGN,2025-11-20,0.88
REGN,2026-02-20,0.94
REGN,2026-05-20,0.94
REGN,2026-08-18,0.94
RF,2024-09-03,0.25
RF,2024-12-02,0.25
RF,2025-03-03,0.25
RF,2025-06-02,0.25
RF,2025-09-02,0.265
RF,2025-12-01,0.265
RF,2026-03-02,0.265
RF,2026-06-01,0.265
RJF,2024-10-01,0.45
RJF,2025-01-02,0.5
RJF,2025-04-01,0.5
RJF,2025-07-01,0.5
RJF,2025-10-01,0.5
RJF,2026-01-02,0.54
RJF,2026-04-01,0.54
RJF,2026-07-01,0.54
RL,2024-09-27,0.825
RL,2024-12-27,0.825
RL,2025-03-28,0.825
RL,2025-06-27,0.9125
RL,2025-09-26,0.9125
RL,2025-12-26,0.9125
RL,2026-03-27,0.9125
RL,2026-06-26,1.0
RMD,2024-08-15,0.53
RMD,2024-11-07,0.53
RMD,2025-02-13,0.53
RMD,2025-05-08,0.53
RMD,2025-08-14,0.6
RMD,2025-11-13,0.6
RMD,2026-02-12,0.6
RMD,2026-05-14,0.6
RMD,2026-08-20,0.66
ROK,2024-08-12,1.25
ROK,2024-11-18,1.31
ROK,2025-02-18,1.31
ROK,2025-05-19,1.31
ROK,2025-08-18,1.31
ROK,2025-11-17,1.38
ROK,2026-02-23,1.38
ROK,2026-05-18,1.38
ROK,2026-08-17,1.38
ROL,2024-08-12,0.15
ROL,2024-11-12,0.165
ROL,2025-02-25,0.165
ROL,2025-05-12,0.165
ROL,2025-08-11,0.165
ROL,2025-11-10,0.1825
ROL,2026-02-25,0.1825
ROL,2026-05-11,0.1825
ROL,2026-08-10,0.1825
ROP,2024-10-08,0.75
ROP,2025-01-03,0.825
ROP,2025-04-04,0.825
ROP,2025-07-08,0.825
ROP,2025-10-03,0.825
ROP,2026-01-02,0.91
ROP,2026-04-06,0.91
ROP,2026-07-08,0.91
ROST,2024-09-10,0.3675
ROST,2024-12-10,0.3675
ROST,2025-03-18,0.405
ROST,2025-06-10,0.405
ROST,2025-09-09,0.405
ROST,2025-12-09,0.405
ROST,2026-03-13,0.445
ROST,2026-06-09,0.445
RSG,2024-10-02,0.58
RSG,2025-01-02,0.58
RSG,2025-04-02,0.58
RSG,2025-07-02,0.58
RSG,2025-10-02,0.625
RSG,2026-01-02,0.625
RSG,2026-04-02,0.625
RSG,2026-07-02,0.625
RTX,2024-08-16,0.63
RTX,2024-11-15,0.63
RTX,2025-02-21,0.63
RTX,2025-05-23,0.68
RTX,2025-08-15,0.68
RTX,2025-11-21,0.68
RTX,2026-02-20,0.68
RTX,2026-05-22,0.73
RTX,2026-08-14,0.73
RVTY,2024-10-18,0.07
RVTY,2025-01-17,0.07
RVTY,2025-04-17,0.07
RVTY,2025-07-18,0.07
RVTY,2025-10-17,0.07
RVTY,2026-01-16,0.07
RVTY,2026-04-17,0.07
RVTY,2026-07-17,0.07
SBAC,2024-08-22,0.98
SBAC,2024-11-14,0.98
SBAC,2025-03-13,1.11
SBAC,2025-05-22,1.11
SBAC,2025-08-21,1.11
SBAC,2025-11-13,1.11
SBAC,2026-03-13,1.25
SBAC,2026-05-22,1.25
SBAC,2026-08-20,1.25
SBUX,2024-08-16,0.57
SBUX,2024-11-15,0.61
SBUX,2025-02-14,0.61
SBUX,2025-05-16,0.61
SBUX,2025-08-15,0.61
SBUX,2025-11-14,0.62
SBUX,2026-02-13,0.62
SBUX,2026-05-15,0.62
SBUX,2026-08-14,0.62
SCHW,2024-08-09,0.25
SCHW,2024-11-08,0.25
SCHW,2025-02-14,0.27
SCHW,2025-05-09,0.27
SCHW,2025-08-08,0.27
SCHW,2025-11-14,0.27
SCHW,2026-02-13,0.32
SCHW,2026-05-08,0.32
SCHW,2026-08-14,0.32
SHW,2024-08-16,0.715
SHW,2024-11-15,0.715
SHW,2025-03-03,0.79
SHW,2025-05-16,0.79
SHW,2025-08-15,0.79
SHW,2025-11-14,0.79
SHW,2026-03-02,0.8
SHW,2026-05-22,0.8
SHW,2026-08-21,0.8
SJM,2024-08-16,1.08
SJM,2024-11-15,1.08
SJM,2025-02-14,1.08
SJM,2025-05-16,1.08
SJM,2025-08-15,1.1
SJM,2025-11-14,1.1
SJM,2026-02-13,1.1
SJM,2026-05-15,1.1
SJM,2026-08-14,1.12
SLB,2024-09-04,0.275
SLB,2024-12-04,0.275
SLB,2025-02-05,0.285
SLB,2025-06-04,0.285
SLB,2025-09-03,0.285
SLB,2025-12-03,0.285
SLB,2026-02-11,0.295
SLB,2026-06-03,0.295
SNA,2024-08-19,1.86
SNA,2024-11-21,2.14
SNA,2025-02-24,2.14
SNA,2025-05-20,2.14
SNA,2025-08-19,2.14
SNA,2025-11-21,2.44
SNA,2026-02-24,2.44
SNA,2026-05-20,2.44
SNA,2026-08-19,2.44
SO,2024-08-19,0.72
SO,2024-11-18,0.72
SO,2025-02-18,0.72
SO,2025-05-19,0.74
SO,2025-08-18,0.74
SO,2025-11-17,0.74
SO,2026-02-17,0.74
SO,2026-05-18,0.76
SO,2026-08-17,0.76
SPG,2024-09-09,2.05
SPG,2024-12-09,2.1
SPG,2025-03-10,2.1
SPG,2025-06-09,2.1
SPG,2025-09-09,2.15
SPG,2025-12-10,2.2
SPG,2026-03-10,2.2
SPG,2026-06-09,2.25
SPGI,2024-08-27,0.8607
SPGI,2024-11-26,0.8607
SPGI,2025-02-26,0.908
SPGI,2025-05-28,0.908
SPGI,2025-08-26,0.908
SPGI,2025-11-25,0.908
SPGI,2026-02-25,0.9175
SPGI,2026-05-29,0.9175
SRE,2024-09-26,0.62
SRE,2024-12-05,0.62
SRE,2025-03-20,0.645
SRE,2025-06-26,0.645
SRE,2025-10-01,0.645
SRE,2025-12-11,0.645
SRE,2026-03-19,0.6575
SRE,2026-06-25,0.6575
STE,2024-09-05,0.57
STE,2024-11-19,0.57
STE,2025-02-20,0.57
STE,2025-06-10,0.57
STE,2025-09-04,0.63
STE,2025-11-18,0.63
STE,2026-02-17,0.63
STE,2026-06-08,0.63
STLD,2024-09-30,0.46
STLD,2024-12-31,0.46
STLD,2025-03-31,0.5
STLD,2025-06-30,0.5
STLD,2025-09-30,0.5
STLD,2025-12-31,0.5
STLD,2026-03-31,0.53
STLD,2026-06-30,0.53
STT,2024-10-01,0.76
STT,2025-01-02,0.76
STT,2025-04-01,0.76
STT,2025-07-01,0.76
STT,2025-10-01,0.84
STT,2026-01-02,0.84
STT,2026-04-01,0.84
STT,2026-07-01,0.84
STX,2024-09-23,0.7
STX,2024-12-13,0.72
STX,2025-03-19,0.72
STX,2025-06-25,0.72
STX,2025-09-30,0.72
STX,2025-12-24,0.74
STX,2026-03-25,0.74
STX,2026-06-24,0.74
STZ,2024-08-14,1.01
STZ,2024-11-05,1.01
STZ,2025-02-07,1.01
STZ,2025-04-29,1.02
STZ,2025-07-30,1.02
STZ,2025-10-30,1.02
STZ,2026-01-29,1.02
STZ,2026-04-29,1.03
STZ,2026-07-30,1.03
SW,2024-08-15,0.3025
SW,2024-11-15,0.3025
SW,2025-02-14,0.4308
SW,2025-05-16,0.4308
SW,2025-08-15,0.4308
SW,2025-11-14,0.4308
SW,2026-02-17,0.4523
SW,2026-05-15,0.4523
SW,2026-08-14,0.4523
SWK,2024-09-03,0.82
SWK,2024-11-29,0.82
SWK,2025-03-04,0.82
SWK,2025-06-03,0.82
SWK,2025-09-02,0.83
SWK,2025-12-01,0.83
SWK,2026-03-10,0.83
SWK,2026-06-08,0.83
SWKS,2024-08-20,0.7
SWKS,2024-12-03,0.7
SWKS,2025-02-24,0.7
SWKS,2025-05-27,0.7
SWKS,2025-08-26,0.71
SWKS,2025-11-18,0.71
SWKS,2026-02-24,0.71
SWKS,2026-05-26,0.71
SYF,2024-08-05,0.25
SYF,2024-11-04,0.25
SYF,2025-02-03,0.25
SYF,2025-05-05,0.3
SYF,2025-08-05,0.3
SYF,2025-11-05,0.3
SYF,2026-02-06,0.3
SYF,2026-05-05,0.3
SYF,2026-08-05,0.34
SYK,2024-09-30,0.8
SYK,2024-12-31,0.84
SYK,2025-03-31,0.84
SYK,2025-06-30,0.84
SYK,2025-09-30,0.84
SYK,2025-12-31,0.88
SYK,2026-03-31,0.88
SYK,2026-06-30,0.88
SYY,2024-10-04,0.51
SYY,2025-01-03,0.51
SYY,2025-04-04,0.51
SYY,2025-07-03,0.54
SYY,2025-10-03,0.54
SYY,2026-01-02,0.54
SYY,2026-04-02,0.54
SYY,2026-07-02,0.55
T,2024-10-10,0.2775
T,2025-01-10,0.2775
T,2025-04-10,0.2775
T,2025-07-10,0.2775
T,2025-10-10,0.2775
T,2026-01-12,0.2775
T,2026-04-10,0.2775
T,2026-07-10,0.2775
TAP,2024-08-30,0.44
TAP,2024-12-06,0.44
TAP,2025-02-27,0.47
TAP,2025-06-06,0.47
TAP,2025-09-05,0.47
TAP,2025-12-05,0.47
TAP,2026-03-06,0.48
TAP,2026-05-29,0.48
TECH,2024-08-19,0.08
TECH,2024-11-08,0.08
TECH,2025-02-14,0.08
TECH,2025-05-19,0.08
TECH,2025-08-18,0.08
TECH,2025-11-17,0.08
TECH,2026-02-13,0.08
TECH,2026-05-18,0.08
TEL,2024-08-23,0.65
TEL,2024-11-22,0.65
TEL,2025-02-21,0.65
TEL,2025-05-21,0.71
TEL,2025-08-22,0.71
TEL,2025-11-21,0.71
TEL,2026-02-20,0.71
TEL,2026-05-22,0.78
TEL,2026-08-21,0.78
TER,2024-09-05,0.12
TER,2024-11-25,0.12
TER,2025-02-14,0.12
TER,2025-05-22,0.12
TER,2025-09-05,0.12
TER,2025-11-24,0.12
TFC,2024-08-09,0.52
TFC,2024-11-08,0.52
TFC,2025-02-14,0.52
TFC,2025-05-09,0.52
TFC,2025-08-08,0.52
TFC,2025-11-14,0.52
TFC,2026-02-13,0.52
TFC,2026-05-08,0.52
TFC,2026-08-14,0.52
TGT,2024-08-21,1.12
TGT,2024-11-20,1.12
TGT,2025-02-12,1.12
TGT,2025-05-14,1.12
TGT,2025-08-13,1.14
TGT,2025-11-12,1.14
TGT,2026-02-11,1.14
TGT,2026-05-13,1.14
TGT,2026-08-12,1.16
TJX,2024-08-15,0.375
TJX,2024-11-14,0.375
TJX,2025-02-13,0.375
TJX,2025-05-15,0.425
TJX,2025-08-14,0.425
TJX,2025-11-13,0.425
TJX,2026-02-12,0.425
TJX,2026-05-14,0.48
TJX,2026-08-13,0.48
TKO,2025-03-14,0.38
TKO,2025-06-13,0.38
TKO,2025-09-15,0.76
TKO,2025-12-15,0.78
TKO,2026-03-16,0.78
TKO,2026-06-15,0.79
TMO,2024-09-13,0.39
TMO,2024-12-13,0.39
TMO,2025-03-14,0.43
TMO,2025-06-13,0.43
TMO,2025-09-15,0.43
TMO,2025-12-15,0.43
TMO,2026-03-13,0.47
TMO,2026-06-15,0.47
TMUS,2024-08-30,0.65
TMUS,2024-11-27,0.88
TMUS,2025-02-28,0.88
TMUS,2025-05-30,0.88
TMUS,2025-08-29,0.88
TMUS,2025-11-26,1.02
TMUS,2026-02-27,1.02
TMUS,2026-05-29,1.02
TPL,2024-09-03,0.39
TPL,2024-12-02,0.5333
TPL,2025-03-03,0.5333
TPL,2025-06-02,0.5333
TPL,2025-09-02,0.5333
TPL,2025-12-01,0.5333
TPL,2026-03-02,0.6
TPL,2026-06-01,0.6
TPR,2024-09-06,0.35
TPR,2024-12-06,0.35
TPR,2025-03-06,0.35
TPR,2025-06-06,0.35
TPR,2025-09-05,0.4
TPR,2025-12-05,0.4
TPR,2026-03-06,0.4
TPR,2026-06-05,0.4
TRGP,2024-10-31,0.75
TRGP,2025-01-31,0.75
TRGP,2025-04-30,1.0
TRGP,2025-07-31,1.0
TRGP,2025-10-31,1.0
TRGP,2026-01-30,1.0
TRGP,2026-04-30,1.25
TRGP,2026-07-31,1.25
TROW,2024-09-13,1.24
TROW,2024-12-13,1.24
TROW,2025-03-14,1.27
TROW,2025-06-13,1.27
TROW,2025-09-15,1.27
TROW,2025-12-15,1.27
TROW,2026-03-16,1.3
TROW,2026-06-15,1.3
TRV,2024-09-10,1.05
TRV,2024-12-10,1.05
TRV,2025-03-10,1.05
TRV,2025-06-10,1.1
TRV,2025-09-10,1.1
TRV,2025-12-10,1.1
TRV,2026-03-10,1.1
TRV,2026-06-10,1.25
TSCO,2024-08-26,0.22
TSCO,2024-11-25,0.22
TSCO,2025-02-26,0.23
TSCO,2025-05-28,0.23
TSCO,2025-08-25,0.23
TSCO,2025-11-24,0.23
TSCO,2026-02-24,0.24
TSCO,2026-05-27,0.24
TSN,2024-08-30,0.49
TSN,2024-11-29,0.5
TSN,2025-02-28,0.5
TSN,2025-05-30,0.5
TSN,2025-08-29,0.5
TSN,2025-12-01,0.51
TSN,2026-02-27,0.51
TSN,2026-06-01,0.51
TT,2024-09-06,0.84
TT,2024-12-06,0.84
TT,2025-03-07,0.94
TT,2025-06-06,0.94
TT,2025-09-05,0.94
TT,2025-12-05,0.94
TT,2026-03-06,1.05
TT,2026-06-05,1.05
TXN,2024-10-31,1.36
TXN,2025-01-31,1.36
TXN,2025-04-30,1.36
TXN,2025-07-31,1.36
TXN,2025-10-31,1.42
TXN,2026-01-30,1.42
TXN,2026-05-05,1.42
TXN,2026-07-31,1.42
UDR,2024-10-10,0.425
UDR,2025-01-10,0.425
UDR,2025-04-10,0.43
UDR,2025-07-10,0.43
UDR,2025-10-09,0.43
UDR,2026-01-12,0.43
UDR,2026-04-15,0.435
UDR,2026-07-17,0.145
UDR,2026-08-17,0.145
UHS,2024-09-03,0.2
UHS,2024-12-03,0.2
UHS,2025-03-03,0.2
UHS,2025-06-02,0.2
UHS,2025-09-02,0.2
UHS,2025-12-01,0.2
UHS,2026-03-02,0.2
UHS,2026-06-08,0.2
UNH,2024-09-16,2.1
UNH,2024-12-09,2.1
UNH,2025-03-10,2.1
UNH,2025-06-16,2.21
UNH,2025-09-15,2.21
UNH,2025-12-08,2.21
UNH,2026-03-09,2.21
UNH,2026-06-15,2.32
UNP,2024-08-30,1.34
UNP,2024-12-09,1.34
UNP,2025-02-28,1.34
UNP,2025-05-30,1.34
UNP,2025-08-29,1.38
UNP,2025-12-05,1.38
UNP,2026-02-27,1.38
UNP,2026-05-29,1.38
UPS,2024-08-19,1.63
UPS,2024-11-18,1.63
UPS,2025-02-18,1.64
UPS,2025-05-19,1.64
UPS,2025-08-18,1.64
UPS,2025-11-17,1.64
UPS,2026-02-17,1.64
UPS,2026-05-18,1.64
UPS,2026-08-17,1.64
URI,2024-08-14,1.63
URI,2024-11-13,1.63
URI,2025-02-12,1.79
URI,2025-05-14,1.79
URI,2025-08-13,1.79
URI,2025-11-12,1.79
URI,2026-02-11,1.97
URI,2026-05-13,1.97
URI,2026-08-12,1.97
USB,2024-09-30,0.5
USB,2024-12-31,0.5
USB,2025-03-31,0.5
USB,2025-06-30,0.5
USB,2025-09-30,0.52
USB,2025-12-31,0.52
USB,2026-03-31,0.52
USB,2026-06-30,0.52
V,2024-08-09,0.52
V,2024-11-12,0.59
V,2025-02-11,0.59
V,2025-05-13,0.59
V,2025-08-12,0.59
V,2025-11-12,0.67
V,2026-02-10,0.67
V,2026-05-12,0.67
V,2026-08-11,0.67
VICI,2024-09-18,0.4325
VICI,2024-12-17,0.4325
VICI,2025-03-20,0.4325
VICI,2025-06-18,0.4325
VICI,2025-09-18,0.45
VICI,2025-12-17,0.45
VICI,2026-03-19,0.45
VICI,2026-06-18,0.45
VLO,2024-11-20,1.07
VLO,2025-01-30,1.13
VLO,2025-05-20,1.13
VLO,2025-07-31,1.13
VLO,2025-11-20,1.13
VLO,2026-02-05,1.2
VLO,2026-05-21,1.2
VLO,2026-07-31,1.2
VLTO,2024-09-27,0.09
VLTO,2024-12-31,0.11
VLTO,2025-03-31,0.11
VLTO,2025-06-30,0.11
VLTO,2025-09-30,0.11
VLTO,2025-12-31,0.13
VLTO,2026-03-31,0.13
VLTO,2026-06-30,0.13
VMC,2024-08-15,0.46
VMC,2024-11-04,0.46
VMC,2025-03-10,0.49
VMC,2025-05-23,0.49
VMC,2025-08-14,0.49
VMC,2025-11-10,0.49
VMC,2026-03-09,0.52
VMC,2026-05-22,0.52
VMC,2026-08-13,0.52
VMRK,2024-09-24,0.675
VMRK,2025-01-02,0.675
VMRK,2025-03-31,0.6925
VMRK,2025-06-24,0.6925
VMRK,2025-09-25,0.6925
VMRK,2026-01-02,0.6925
VMRK,2026-03-30,0.7025
VMRK,2026-06-29,0.7025
VRSK,2024-09-13,0.39
VRSK,2024-12-13,0.39
VRSK,2025-03-14,0.45
VRSK,2025-06-13,0.45
VRSK,2025-09-15,0.45
VRSK,2025-12-15,0.45
VRSK,2026-03-13,0.5
VRSK,2026-06-15,0.5
VRSN,2025-05-19,0.77
VRSN,2025-08-19,0.77
VRSN,2025-11-18,0.77
VRSN,2026-02-19,0.81
VRSN,2026-05-19,0.81
VRSN,2026-08-19,0.81
VST,2024-09-20,0.2195
VST,2024-12-20,0.2215
VST,2025-03-20,0.2235
VST,2025-06-18,0.225
VST,2025-09-19,0.226
VST,2025-12-22,0.227
VST,2026-03-20,0.228
VST,2026-06-22,0.229
VTR,2024-10-01,0.45
VTR,2024-12-31,0.45
VTR,2025-03-31,0.48
VTR,2025-06-30,0.48
VTR,2025-09-30,0.48
VTR,2025-12-31,0.48
VTR,2026-03-31,0.52
VTR,2026-06-30,0.52
VTRS,2024-08-23,0.12
VTRS,2024-11-22,0.12
VTRS,2025-03-10,0.12
VTRS,2025-05-23,0.12
VTRS,2025-08-22,0.12
VTRS,2025-11-24,0.12
VTRS,2026-03-09,0.12
VTRS,2026-05-22,0.12
VTRS,2026-08-21,0.12
VZ,2024-10-10,0.6775
VZ,2025-01-10,0.6775
VZ,2025-04-10,0.6775
VZ,2025-07-10,0.6775
VZ,2025-10-10,0.69
VZ,2026-01-12,0.69
VZ,2026-04-10,0.7075
VZ,2026-07-10,0.7075
WAB,2024-08-14,0.2
WAB,2024-11-13,0.2
WAB,2025-02-21,0.25
WAB,2025-05-27,0.25
WAB,2025-08-14,0.25
WAB,2025-11-12,0.25
WAB,2026-02-17,0.31
WAB,2026-05-22,0.31
WAB,2026-08-18,0.31
WDC,2025-06-04,0.1
WDC,2025-09-04,0.1
WDC,2025-12-04,0.125
WEC,2024-08-14,0.835
WEC,2024-11-14,0.835
WEC,2025-02-14,0.8925
WEC,2025-05-14,0.8925
WEC,2025-08-14,0.8925
WEC,2025-11-14,0.8925
WEC,2026-02-13,0.9525
WEC,2026-05-14,0.9525
WEC,2026-08-14,0.9525
WELL,2024-08-12,0.67
WELL,2024-11-13,0.67
WELL,2025-02-25,0.67
WELL,2025-05-14,0.67
WELL,2025-08-12,0.74
WELL,2025-11-10,0.74
WELL,2026-02-25,0.74
WELL,2026-05-13,0.74
WELL,2026-08-12,0.85
WFC,2024-08-09,0.4
WFC,2024-11-08,0.4
WFC,2025-02-07,0.4
WFC,2025-05-09,0.4
WFC,2025-08-08,0.45
WFC,2025-11-07,0.45
WFC,2026-02-06,0.45
WFC,2026-05-08,0.45
WFC,2026-08-07,0.5
WM,2024-09-13,0.75
WM,2024-12-06,0.75
WM,2025-03-14,0.825
WM,2025-06-06,0.825
WM,2025-09-12,0.825
WM,2025-12-05,0.825
WM,2026-03-13,0.945
WM,2026-06-05,0.945
WMB,2024-09-13,0.475
WMB,2024-12-13,0.475
WMB,2025-03-14,0.5
WMB,2025-06-13,0.5
WMB,2025-09-12,0.5
WMB,2025-12-12,0.5
WMB,2026-03-13,0.525
WMB,2026-06-12,0.525
WMT,2025-12-12,0.235
WMT,2026-03-20,0.2475
WMT,2026-05-08,0.2475
WMT,2026-08-21,0.2475
WRB,2024-09-23,0.33
WRB,2024-12-16,0.58
WRB,2025-03-03,0.08
WRB,2025-06-23,0.59
WRB,2025-09-22,0.09
WRB,2025-12-15,1.09
WRB,2026-02-23,0.09
WRB,2026-06-23,0.6
WSM,2024-10-18,0.57
WSM,2025-01-17,0.57
WSM,2025-04-17,0.66
WSM,2025-07-18,0.66
WSM,2025-10-17,0.66
WSM,2026-01-16,0.66
WSM,2026-04-17,0.76
WSM,2026-07-17,0.76
WST,2024-11-13,0.21
WST,2025-02-07,0.21
WST,2025-04-30,0.21
WST,2025-07-30,0.21
WST,2025-11-12,0.22
WST,2026-01-28,0.22
WST,2026-04-29,0.22
WST,2026-07-29,0.22
WTW,2024-09-30,0.88
WTW,2024-12-31,0.88
WTW,2025-03-31,0.92
WTW,2025-06-30,0.92
WTW,2025-09-30,0.92
WTW,2025-12-31,0.92
WTW,2026-03-31,0.96
WTW,2026-06-30,0.96
WY,2024-08-30,0.2
WY,2024-11-29,0.2
WY,2025-03-07,0.21
WY,2025-05-30,0.21
WY,2025-08-29,0.21
WY,2025-11-28,0.21
WY,2026-03-10,0.21
WY,2026-06-05,0.21
WYNN,2024-08-19,0.25
WYNN,2024-11-15,0.25
WYNN,2025-02-24,0.25
WYNN,2025-05-16,0.25
WYNN,2025-08-18,0.25
WYNN,2025-11-17,0.25
WYNN,2026-02-23,0.25
WYNN,2026-05-18,0.25
WYNN,2026-08-14,0.25
XEL,2024-09-13,0.5475
XEL,2025-01-06,0.5475
XEL,2025-03-14,0.57
XEL,2025-06-13,0.57
XEL,2025-09-15,0.57
XEL,2025-12-29,0.57
XEL,2026-03-13,0.5925
XEL,2026-06-15,0.5925
XOM,2024-08-15,0.95
XOM,2024-11-14,0.99
XOM,2025-02-12,0.99
XOM,2025-05-15,0.99
XOM,2025-08-15,0.99
XOM,2025-11-14,1.03
XOM,2026-02-12,1.03
XOM,2026-05-15,1.03
XOM,2026-08-17,1.03
XYL,2024-08-29,0.36
XYL,2024-11-26,0.36
XYL,2025-02-18,0.4
XYL,2025-05-29,0.4
XYL,2025-08-28,0.4
XYL,2025-11-25,0.4
XYL,2026-02-24,0.43
XYL,2026-05-28,0.43
YUM,2024-08-27,0.67
YUM,2024-12-02,0.67
YUM,2025-02-21,0.71
YUM,2025-05-27,0.71
YUM,2025-09-02,0.71
YUM,2025-12-02,0.71
YUM,2026-02-20,0.75
YUM,2026-05-27,0.75
ZBH,2024-09-30,0.24
ZBH,2024-12-30,0.24
ZBH,2025-03-31,0.24
ZBH,2025-06-26,0.24
ZBH,2025-09-30,0.24
ZBH,2025-12-30,0.24
ZBH,2026-03-31,0.24
ZBH,2026-06-25,0.24
ZTS,2024-10-31,0.432
ZTS,2025-01-21,0.5
ZTS,2025-04-21,0.5
ZTS,2025-07-18,0.5
ZTS,2025-10-31,0.5
ZTS,2026-01-20,0.53
ZTS,2026-04-20,0.53
ZTS,2026-07-20,0.53
