rank,ticker,name,sector,session,entry_source,entry_price,predicted_bp,net_bp
1,WDAY UW Equity,Workday Inc,Information Technology,2026-08-20,PX_LAST_PROXY,197.32000732421875,14.930250448791673,2.930250448791673
2,IT UN Equity,Gartner Inc,Information Technology,2026-08-20,PX_LAST_PROXY,193.67999267578125,12.9162712288677,0.9162712288677
3,LII UN Equity,Lennox International Inc,Industrials,2026-08-20,PX_LAST_PROXY,406.04998779296875,11.551741667933838,-0.44825833206616217
4,CHRW UW Equity,CH Robinson Worldwide Inc,Industrials,2026-08-20,PX_LAST_PROXY,143.8300018310547,9.43036013491145,-2.5696398650885506
5,APTV UN Equity,Aptiv PLC,Consumer Discretionary,2026-08-20,PX_LAST_PROXY,47.029998779296875,5.629901250495676,-6.370098749504324
6,NRG UN Equity,NRG Energy Inc,Utilities,2026-08-20,PX_LAST_PROXY,115.36000061035156,4.945902897699749,-7.054097102300251
7,AXON UW Equity,Axon Enterprise Inc,Industrials,2026-08-20,PX_LAST_PROXY,614.260009765625,4.651919924711535,-7.348080075288465
8,OKE UN Equity,ONEOK Inc,Energy,2026-08-20,PX_LAST_PROXY,94.5999984741211,4.2594060162532,-7.7405939837468
9,FICO UN Equity,Fair Isaac Corp,Information Technology,2026-08-20,PX_LAST_PROXY,1149.75,4.042271080287348,-7.957728919712652
10,PODD UW Equity,Insulet Corp,Health Care,2026-08-20,PX_LAST_PROXY,146.8699951171875,3.5627606731358448,-8.437239326864155
11,UAL UW Equity,United Airlines Holdings Inc,Industrials,2026-08-20,PX_LAST_PROXY,111.70999908447266,3.5497717889001805,-8.45022821109982
12,COF UN Equity,Capital One Financial Corp,Financials,2026-08-20,PX_LAST_PROXY,212.47999572753906,3.472147063219241,-8.527852936780759
13,STLD UW Equity,Steel Dynamics Inc,Materials,2026-08-20,PX_LAST_PROXY,219.0,3.4565443846877706,-8.54345561531223
14,FLEX UW Equity,Flex Ltd,Information Technology,2026-08-20,PX_LAST_PROXY,110.31999969482422,3.3507830391088835,-8.649216960891117
15,HONA UW Equity,Honeywell Aerospace Inc,Industrials,2026-08-20,PX_LAST_PROXY,165.88999938964844,3.3449888566644277,-8.655011143335573
16,LUV UN Equity,Southwest Airlines Co,Industrials,2026-08-20,PX_LAST_PROXY,39.88999938964844,3.2686901274482043,-8.731309872551796
17,LLY UN Equity,Eli Lilly & Co,Health Care,2026-08-20,PX_LAST_PROXY,1244.4000244140625,3.232415396284364,-8.767584603715637
18,BBY UN Equity,Best Buy Co Inc,Consumer Discretionary,2026-08-20,PX_LAST_PROXY,85.7300033569336,3.181256905680248,-8.818743094319752
19,CCL UN Equity,Carnival Corp Ltd,Consumer Discretionary,2026-08-20,PX_LAST_PROXY,25.3700008392334,3.1754627232357926,-8.824537276764207
20,CRWD UW Equity,Crowdstrike Holdings Inc,Information Technology,2026-08-20,PX_LAST_PROXY,190.33999633789062,3.117442299512035,-8.882557700487965
21,JNJ UN Equity,Johnson & Johnson,Health Care,2026-08-20,PX_LAST_PROXY,267.3699951171875,2.9415252387453696,-9.05847476125463
22,CIEN UN Equity,Ciena Corp,Information Technology,2026-08-20,PX_LAST_PROXY,392.4800109863281,2.9354454881477414,-9.064554511852258
23,TTD UQ Equity,Trade Desk Inc/The,Communication Services,2026-08-20,PX_LAST_PROXY,13.319999694824219,2.929607100985405,-9.070392899014594
24,HOOD UW Equity,Robinhood Markets Inc,Financials,2026-08-20,PX_LAST_PROXY,95.0999984741211,2.8402032184290005,-9.159796781571
25,WMT UW Equity,Walmart Inc,Consumer Staples,2026-08-20,PX_LAST_PROXY,103.83999633789062,2.8363606380600572,-9.163639361939943
26,RCL UN Equity,Royal Caribbean Cruises Ltd,Consumer Discretionary,2026-08-20,PX_LAST_PROXY,287.6199951171875,2.8363606380600572,-9.163639361939943
27,ISRG UW Equity,Intuitive Surgical Inc,Health Care,2026-08-20,PX_LAST_PROXY,374.4800109863281,2.823459326523821,-9.176540673476179
28,MCHP UW Equity,Microchip Technology Inc,Information Technology,2026-08-20,PX_LAST_PROXY,75.80999755859375,2.786219256068959,-9.213780743931041
29,FSLR UW Equity,First Solar Inc,Information Technology,2026-08-20,PX_LAST_PROXY,214.05999755859375,2.7754043446056866,-9.224595655394314
30,MU UW Equity,Micron Technology Inc,Information Technology,2026-08-20,PX_LAST_PROXY,974.3300170898438,2.661370311455201,-9.338629688544799
31,RTX UN Equity,RTX Corp,Industrials,2026-08-20,PX_LAST_PROXY,212.2899932861328,2.584691774652278,-9.415308225347722
32,SYK UN Equity,Stryker Corp,Health Care,2026-08-20,PX_LAST_PROXY,327.70001220703125,2.584691774652278,-9.415308225347722
33,TDG UN Equity,TransDigm Group Inc,Industrials,2026-08-20,PX_LAST_PROXY,1180.4000244140625,2.584691774652278,-9.415308225347722
34,HWM UN Equity,Howmet Aerospace Inc,Industrials,2026-08-20,PX_LAST_PROXY,273.6400146484375,2.584691774652278,-9.415308225347722
35,BSX UN Equity,Boston Scientific Corp,Health Care,2026-08-20,PX_LAST_PROXY,49.369998931884766,2.5423776650718426,-9.457622334928157
36,APP UW Equity,AppLovin Corp,Communication Services,2026-08-20,PX_LAST_PROXY,308.7699890136719,2.5135384698242955,-9.486461530175704
37,CSGP UW Equity,CoStar Group Inc,Real Estate,2026-08-20,PX_LAST_PROXY,32.2599983215332,2.4814213716174716,-9.518578628382528
38,NUE UN Equity,Nucor Corp,Materials,2026-08-20,PX_LAST_PROXY,240.47999572753906,2.370086500107317,-9.629913499892684
39,AVGO UW Equity,Broadcom Inc,Information Technology,2026-08-20,PX_LAST_PROXY,364.0299987792969,2.351806360638953,-9.648193639361047
40,SYF UN Equity,Synchrony Financial,Financials,2026-08-20,PX_LAST_PROXY,76.70999908447266,2.290708801664064,-9.709291198335936
41,PWR UN Equity,Quanta Services Inc,Industrials,2026-08-20,PX_LAST_PROXY,662.469970703125,2.283800005541844,-9.716199994458156
42,AAPL UW Equity,Apple Inc,Information Technology,2026-08-20,PX_LAST_PROXY,311.29998779296875,2.1883328517260145,-9.811667148273985
43,SMCI UW Equity,Super Micro Computer Inc,Information Technology,2026-08-20,PX_LAST_PROXY,36.5,2.1871584219281717,-9.81284157807183
44,EME UN Equity,EMCOR Group Inc,Industrials,2026-08-20,PX_LAST_PROXY,787.3900146484375,2.1744363846485606,-9.82556361535144
45,WDC UW Equity,Western Digital Corp,Information Technology,2026-08-20,PX_LAST_PROXY,469.04998779296875,2.1209954592337747,-9.879004540766225
46,NCLH UN Equity,Norwegian Cruise Line Holdings,Consumer Discretionary,2026-08-20,PX_LAST_PROXY,16.75,2.07626047283771,-9.92373952716229
47,ERIE UW Equity,Erie Indemnity Co,Financials,2026-08-20,PX_LAST_PROXY,262.2900085449219,2.0291911300047047,-9.970808869995295
48,BIIB UW Equity,Biogen Inc,Health Care,2026-08-20,PX_LAST_PROXY,214.35000610351562,2.0280695129439836,-9.971930487056017
49,PSKY UW Equity,Paramount Skydance Corp,Communication Services,2026-08-20,PX_LAST_PROXY,10.289999961853027,1.8943498787378004,-10.1056501212622
50,GILD UW Equity,Gilead Sciences Inc,Health Care,2026-08-20,PX_LAST_PROXY,143.44000244140625,1.8943498787378004,-10.1056501212622
51,BLDR UN Equity,Builders FirstSource Inc,Industrials,2026-08-20,PX_LAST_PROXY,70.31999969482422,1.8879491472341587,-10.112050852765842
52,F UN Equity,Ford Motor Co,Consumer Discretionary,2026-08-20,PX_LAST_PROXY,13.989999771118164,1.8626050087054287,-10.13739499129457
53,RDDT UN Equity,Reddit Inc,Communication Services,2026-08-20,PX_LAST_PROXY,150.30999755859375,1.8470674238715872,-10.152932576128412
54,ABBV UN Equity,AbbVie Inc,Health Care,2026-08-20,PX_LAST_PROXY,261.8299865722656,1.7651785842850458,-10.234821415714954
55,HLT UN Equity,Hilton Worldwide Holdings Inc,Consumer Discretionary,2026-08-20,PX_LAST_PROXY,329.6099853515625,1.7651785842850458,-10.234821415714954
56,CVX UN Equity,Chevron Corp,Energy,2026-08-20,PX_LAST_PROXY,205.77000427246094,1.7651785842850458,-10.234821415714954
57,BA UN Equity,Boeing Co/The,Industrials,2026-08-20,PX_LAST_PROXY,215.10000610351562,1.734300074948133,-10.265699925051868
58,TPR UN Equity,Tapestry Inc,Consumer Discretionary,2026-08-20,PX_LAST_PROXY,129.82000732421875,1.6701773307627423,-10.329822669237258
59,LITE UW Equity,Lumentum Holdings Inc,Information Technology,2026-08-20,PX_LAST_PROXY,879.280029296875,1.6323710649778866,-10.367628935022113
60,TKO UN Equity,TKO Group Holdings Inc,Communication Services,2026-08-20,PX_LAST_PROXY,195.4499969482422,1.6274716293045133,-10.372528370695488
61,PFE UN Equity,Pfizer Inc,Health Care,2026-08-20,PX_LAST_PROXY,27.790000915527344,1.4711956112968316,-10.528804388703168
62,PSX UN Equity,Phillips 66,Energy,2026-08-20,PX_LAST_PROXY,240.0,1.4711956112968316,-10.528804388703168
63,LDOS UN Equity,Leidos Holdings Inc,Industrials,2026-08-20,PX_LAST_PROXY,141.3699951171875,1.4403171019599188,-10.559682898040082
64,HII UN Equity,Huntington Ingalls Industries,Industrials,2026-08-20,PX_LAST_PROXY,301.3999938964844,1.392262120041784,-10.607737879958217
65,DDOG UW Equity,Datadog Inc,Information Technology,2026-08-20,PX_LAST_PROXY,232.5500030517578,1.3310752455870072,-10.668924754412993
66,GLW UN Equity,Corning Inc,Information Technology,2026-08-20,PX_LAST_PROXY,151.4499969482422,1.3310752455870072,-10.668924754412993
67,DELL UN Equity,Dell Technologies Inc,Information Technology,2026-08-20,PX_LAST_PROXY,434.7799987792969,1.3310752455870072,-10.668924754412993
68,TER UW Equity,Teradyne Inc,Information Technology,2026-08-20,PX_LAST_PROXY,383.1499938964844,1.3310752455870072,-10.668924754412993
69,NOC UN Equity,Northrop Grumman Corp,Industrials,2026-08-20,PX_LAST_PROXY,563.8599853515625,1.2856681771335436,-10.714331822866455
70,GE UN Equity,General Electric Co,Industrials,2026-08-20,PX_LAST_PROXY,344.6400146484375,1.2856681771335436,-10.714331822866455
71,LMT UN Equity,Lockheed Martin Corp,Industrials,2026-08-20,PX_LAST_PROXY,571.47998046875,1.2856681771335436,-10.714331822866455
72,MS UN Equity,Morgan Stanley,Financials,2026-08-20,PX_LAST_PROXY,207.4499969482422,1.2856681771335436,-10.714331822866455
73,VST UN Equity,Vistra Corp,Utilities,2026-08-20,PX_LAST_PROXY,138.94000244140625,1.1774261733009814,-10.822573826699019
74,CHTR UW Equity,Charter Communications Inc,Communication Services,2026-08-20,PX_LAST_PROXY,147.75999450683594,1.0982791470535698,-10.901720852946431
75,WFC UN Equity,Wells Fargo & Co,Financials,2026-08-20,PX_LAST_PROXY,83.69999694824219,1.0736905431065822,-10.926309456893417
76,C UN Equity,Citigroup Inc,Financials,2026-08-20,PX_LAST_PROXY,129.6699981689453,1.0736905431065822,-10.926309456893417
77,STX UW Equity,Seagate Technology Holdings PL,Information Technology,2026-08-20,PX_LAST_PROXY,850.239990234375,1.0571472102248196,-10.94285278977518
78,FIX UN Equity,Comfort Systems USA Inc,Industrials,2026-08-20,PX_LAST_PROXY,1672.93994140625,1.0509957047344232,-10.949004295265578
79,AMAT UW Equity,Applied Materials Inc,Information Technology,2026-08-20,PX_LAST_PROXY,496.2099914550781,1.0509957047344232,-10.949004295265578
80,CVNA UN Equity,Carvana Co,Consumer Discretionary,2026-08-20,PX_LAST_PROXY,71.5199966430664,1.0370922725987928,-10.962907727401207
81,GDDY UN Equity,GoDaddy Inc,Information Technology,2026-08-20,PX_LAST_PROXY,98.19000244140625,1.0370922725987928,-10.962907727401207
82,BMY UN Equity,Bristol-Myers Squibb Co,Health Care,2026-08-20,PX_LAST_PROXY,65.47000122070312,0.9916852041453295,-11.00831479585467
83,RJF UN Equity,Raymond James Financial Inc,Financials,2026-08-20,PX_LAST_PROXY,172.35000610351562,0.8847276373813212,-11.11527236261868
84,APO UN Equity,Apollo Global Management Inc,Financials,2026-08-20,PX_LAST_PROXY,129.97999572753906,0.8834432003127675,-11.116556799687233
85,CDW UW Equity,CDW Corp/DE,Information Technology,2026-08-20,PX_LAST_PROXY,133.5399932861328,0.8353882183946324,-11.164611781605368
86,BX UN Equity,Blackstone Inc,Financials,2026-08-20,PX_LAST_PROXY,141.35000610351562,0.7797075701183679,-11.220292429881631
87,BKR UW Equity,Baker Hughes Co,Energy,2026-08-20,PX_LAST_PROXY,62.779998779296875,0.7797075701183679,-11.220292429881631
88,VLO UN Equity,Valero Energy Corp,Energy,2026-08-20,PX_LAST_PROXY,341.510009765625,0.7797075701183679,-11.220292429881631
89,ABNB UW Equity,Airbnb Inc,Consumer Discretionary,2026-08-20,PX_LAST_PROXY,185.0,0.7631642372366052,-11.236835762763395
90,IDXX UW Equity,IDEXX Laboratories Inc,Health Care,2026-08-20,PX_LAST_PROXY,545.8599853515625,0.7287942754863924,-11.271205724513608
91,IVZ UN Equity,Invesco Ltd,Financials,2026-08-20,PX_LAST_PROXY,31.360000610351562,0.7287942754863924,-11.271205724513608
92,WMB UN Equity,Williams Cos Inc/The,Energy,2026-08-20,PX_LAST_PROXY,71.68000030517578,0.7287942754863924,-11.271205724513608
93,AKAM UW Equity,Akamai Technologies Inc,Information Technology,2026-08-20,PX_LAST_PROXY,110.08999633789062,0.7250843238681823,-11.274915676131817
94,LRCX UW Equity,Lam Research Corp,Information Technology,2026-08-20,PX_LAST_PROXY,310.5299987792969,0.7192923741666066,-11.280707625833394
95,VRT UN Equity,Vertiv Holdings Co,Industrials,2026-08-20,PX_LAST_PROXY,264.6300048828125,0.7192923741666066,-11.280707625833394
96,KLAC UW Equity,KLA Corp,Information Technology,2026-08-20,PX_LAST_PROXY,185.86000061035156,0.7192923741666066,-11.280707625833394
97,INTC UW Equity,Intel Corp,Information Technology,2026-08-20,PX_LAST_PROXY,92.12999725341797,0.7192923741666066,-11.280707625833394
98,AMD UW Equity,Advanced Micro Devices Inc,Information Technology,2026-08-20,PX_LAST_PROXY,469.4549865722656,0.7192923741666066,-11.280707625833394
99,MSI UN Equity,Motorola Solutions Inc,Information Technology,2026-08-20,PX_LAST_PROXY,473.6300048828125,0.7000875952927359,-11.299912404707264
100,FOX UW Equity,Fox Corp,Communication Services,2026-08-20,PX_LAST_PROXY,60.45000076293945,0.7000875952927359,-11.299912404707264
101,FOXA UW Equity,Fox Corp,Communication Services,2026-08-20,PX_LAST_PROXY,67.95999908447266,0.7000875952927359,-11.299912404707264
102,VLTO UN Equity,Veralto Corp,Industrials,2026-08-20,PX_LAST_PROXY,99.45999908447266,0.7000875952927359,-11.299912404707264
103,JBL UN Equity,Jabil Inc,Information Technology,2026-08-20,PX_LAST_PROXY,316.6499938964844,0.6157207029748986,-11.3842792970251
104,KKR UN Equity,KKR & Co Inc,Financials,2026-08-20,PX_LAST_PROXY,107.0199966430664,0.6088667151197852,-11.391133284880215
105,AZO UN Equity,AutoZone Inc,Consumer Discretionary,2026-08-20,PX_LAST_PROXY,2961.989990234375,0.5497662407379693,-11.45023375926203
106,ARES UN Equity,Ares Management Corp,Financials,2026-08-20,PX_LAST_PROXY,140.22999572753906,0.4751470809136021,-11.524852919086397
107,EFX UN Equity,Equifax Inc,Industrials,2026-08-20,PX_LAST_PROXY,192.41000366210938,0.4646834986294663,-11.535316501370534
108,FDS UN Equity,FactSet Research Systems Inc,Financials,2026-08-20,PX_LAST_PROXY,300.05999755859375,0.4646834986294663,-11.535316501370534
109,SLB UN Equity,SLB Ltd,Energy,2026-08-20,PX_LAST_PROXY,53.54999923706055,0.4646834986294663,-11.535316501370534
110,CRM UN Equity,Salesforce Inc,Information Technology,2026-08-20,PX_LAST_PROXY,205.42999267578125,0.4646834986294663,-11.535316501370534
111,UBER UN Equity,Uber Technologies Inc,Industrials,2026-08-20,PX_LAST_PROXY,78.55000305175781,0.4646834986294663,-11.535316501370534
112,NOW UN Equity,ServiceNow Inc,Information Technology,2026-08-20,PX_LAST_PROXY,129.75,0.45434887429093396,-11.545651125709066
113,LULU UW Equity,Lululemon Athletica Inc,Consumer Discretionary,2026-08-20,PX_LAST_PROXY,115.69000244140625,0.45421779029340986,-11.54578220970659
114,ZBRA UW Equity,Zebra Technologies Corp,Information Technology,2026-08-20,PX_LAST_PROXY,360.5199890136719,0.4253094011783924,-11.574690598821608
115,FISV UW Equity,Fiserv Inc,Financials,2026-08-20,PX_LAST_PROXY,51.380001068115234,0.3459757864608474,-11.654024213539152
116,QCOM UW Equity,QUALCOMM Inc,Information Technology,2026-08-20,PX_LAST_PROXY,160.74000549316406,0.3459757864608474,-11.654024213539152
117,ECHO UW Equity,EchoStar Corp,Communication Services,2026-08-20,PX_LAST_PROXY,86.91999816894531,0.3459757864608474,-11.654024213539152
118,NXPI UW Equity,NXP Semiconductors NV,Information Technology,2026-08-20,PX_LAST_PROXY,222.97000122070312,0.3459757864608474,-11.654024213539152
119,APH UN Equity,Amphenol Corp,Information Technology,2026-08-20,PX_LAST_PROXY,153.11000061035156,0.3459757864608474,-11.654024213539152
120,XYL UN Equity,Xylem Inc/NY,Industrials,2026-08-20,PX_LAST_PROXY,113.44000244140625,0.32049815608722676,-11.679501843912773
121,LHX UN Equity,L3Harris Technologies Inc,Industrials,2026-08-20,PX_LAST_PROXY,270.44000244140625,0.32049815608722676,-11.679501843912773
122,VTR UN Equity,Ventas Inc,Real Estate,2026-08-20,PX_LAST_PROXY,92.68000030517578,0.31003457380309146,-11.689965426196908
123,ADM UN Equity,Archer-Daniels-Midland Co,Consumer Staples,2026-08-20,PX_LAST_PROXY,81.69999694824219,0.31003457380309146,-11.689965426196908
124,TSN UN Equity,Tyson Foods Inc,Consumer Staples,2026-08-20,PX_LAST_PROXY,58.400001525878906,0.31003457380309146,-11.689965426196908
125,WST UN Equity,West Pharmaceutical Services I,Health Care,2026-08-20,PX_LAST_PROXY,353.7699890136719,0.31003457380309146,-11.689965426196908
126,MO UN Equity,Altria Group Inc,Consumer Staples,2026-08-20,PX_LAST_PROXY,66.94000244140625,0.31003457380309146,-11.689965426196908
127,PCG UN Equity,PG&E Corp,Utilities,2026-08-20,PX_LAST_PROXY,17.959999084472656,0.31003457380309146,-11.689965426196908
128,SPGI UN Equity,S&P Global Inc,Financials,2026-08-20,PX_LAST_PROXY,432.1600036621094,0.31003457380309146,-11.689965426196908
129,BG UN Equity,Bunge Global SA,Consumer Staples,2026-08-20,PX_LAST_PROXY,116.56999969482422,0.31003457380309146,-11.689965426196908
130,MNST UW Equity,Monster Beverage Corp,Consumer Staples,2026-08-20,PX_LAST_PROXY,47.4900016784668,0.31003457380309146,-11.689965426196908
131,DOC UN Equity,Healthpeak Properties Inc,Real Estate,2026-08-20,PX_LAST_PROXY,21.200000762939453,0.31003457380309146,-11.689965426196908
132,TJX UN Equity,TJX Cos Inc/The,Consumer Discretionary,2026-08-20,PX_LAST_PROXY,140.69000244140625,0.2364459738219934,-11.763554026178006
133,CTSH UW Equity,Cognizant Technology Solutions,Information Technology,2026-08-20,PX_LAST_PROXY,60.91999816894531,0.12264554372311792,-11.877354456276882
134,CRL UN Equity,Charles River Laboratories Int,Health Care,2026-08-20,PX_LAST_PROXY,291.45001220703125,0.12264554372311792,-11.877354456276882
135,ON UW Equity,ON Semiconductor Corp,Information Technology,2026-08-20,PX_LAST_PROXY,74.70999908447266,0.11330145244778238,-11.886698547552218
136,BKNG UW Equity,Booking Holdings Inc,Consumer Discretionary,2026-08-20,PX_LAST_PROXY,209.8699951171875,0.05199281347263329,-11.948007186527366
137,HPQ UN Equity,HP Inc,Information Technology,2026-08-20,PX_LAST_PROXY,29.469999313354492,0.04165818913410087,-11.9583418108659
138,EW UN Equity,Edwards Lifesciences Corp,Health Care,2026-08-20,PX_LAST_PROXY,89.83000183105469,0.026515183099012737,-11.973484816900987
139,J UN Equity,Jacobs Solutions Inc,Industrials,2026-08-20,PX_LAST_PROXY,147.94000244140625,0.016051600814877307,-11.983948399185122
140,ALB UN Equity,Albemarle Corp,Materials,2026-08-20,PX_LAST_PROXY,134.19000244140625,0.016051600814877307,-11.983948399185122
141,AMGN UW Equity,Amgen Inc,Health Care,2026-08-20,PX_LAST_PROXY,433.7300109863281,0.016051600814877307,-11.983948399185122
142,A UN Equity,Agilent Technologies Inc,Health Care,2026-08-20,PX_LAST_PROXY,156.3000030517578,0.016051600814877307,-11.983948399185122
143,AMCR UN Equity,Amcor PLC,Materials,2026-08-20,PX_LAST_PROXY,47.810001373291016,0.016051600814877307,-11.983948399185122
144,VRTX UW Equity,Vertex Pharmaceuticals Inc,Health Care,2026-08-20,PX_LAST_PROXY,540.260009765625,0.016051600814877307,-11.983948399185122
145,NWS UW Equity,News Corp,Communication Services,2026-08-20,PX_LAST_PROXY,33.779998779296875,0.016051600814877307,-11.983948399185122
146,T UN Equity,AT&T Inc,Communication Services,2026-08-20,PX_LAST_PROXY,25.149999618530273,0.016051600814877307,-11.983948399185122
147,NWSA UW Equity,News Corp,Communication Services,2026-08-20,PX_LAST_PROXY,29.649999618530273,0.016051600814877307,-11.983948399185122
148,ROP UW Equity,Roper Technologies Inc,Information Technology,2026-08-20,PX_LAST_PROXY,410.45001220703125,0.016051600814877307,-11.983948399185122
149,SOLV UN Equity,Solventum Corp,Health Care,2026-08-20,PX_LAST_PROXY,88.61000061035156,0.016051600814877307,-11.983948399185122
150,ECL UN Equity,Ecolab Inc,Materials,2026-08-20,PX_LAST_PROXY,281.4800109863281,0.016051600814877307,-11.983948399185122
151,NFLX UW Equity,Netflix Inc,Communication Services,2026-08-20,PX_LAST_PROXY,80.13999938964844,0.016051600814877307,-11.983948399185122
152,TGT UN Equity,Target Corp,Consumer Staples,2026-08-20,PX_LAST_PROXY,158.25,0.016051600814877307,-11.983948399185122
153,KO UN Equity,Coca-Cola Co/The,Consumer Staples,2026-08-20,PX_LAST_PROXY,90.5,0.016051600814877307,-11.983948399185122
154,KDP UW Equity,Keurig Dr Pepper Inc,Consumer Staples,2026-08-20,PX_LAST_PROXY,31.65999984741211,0.016051600814877307,-11.983948399185122
155,BR UN Equity,Broadridge Financial Solutions,Industrials,2026-08-20,PX_LAST_PROXY,178.5,0.016051600814877307,-11.983948399185122
156,GIS UN Equity,General Mills Inc,Consumer Staples,2026-08-20,PX_LAST_PROXY,39.61000061035156,0.016051600814877307,-11.983948399185122
157,PYPL UW Equity,PayPal Holdings Inc,Financials,2026-08-20,PX_LAST_PROXY,62.29999923706055,0.016051600814877307,-11.983948399185122
158,SJM UN Equity,J M Smucker Co/The,Consumer Staples,2026-08-20,PX_LAST_PROXY,123.05000305175781,0.016051600814877307,-11.983948399185122
159,TRMB UW Equity,Trimble Inc,Information Technology,2026-08-20,PX_LAST_PROXY,59.68000030517578,0.016051600814877307,-11.983948399185122
160,AJG UN Equity,Arthur J Gallagher & Co,Financials,2026-08-20,PX_LAST_PROXY,259.6099853515625,0.016051600814877307,-11.983948399185122
161,LH UN Equity,Labcorp Holdings Inc,Health Care,2026-08-20,PX_LAST_PROXY,332.80999755859375,0.016051600814877307,-11.983948399185122
162,WTW UW Equity,Willis Towers Watson PLC,Financials,2026-08-20,PX_LAST_PROXY,341.1499938964844,0.016051600814877307,-11.983948399185122
163,VZ UN Equity,Verizon Communications Inc,Communication Services,2026-08-20,PX_LAST_PROXY,49.189998626708984,0.016051600814877307,-11.983948399185122
164,DASH UW Equity,DoorDash Inc,Consumer Discretionary,2026-08-20,PX_LAST_PROXY,222.36000061035156,0.016051600814877307,-11.983948399185122
165,DIS UN Equity,Walt Disney Co/The,Communication Services,2026-08-20,PX_LAST_PROXY,107.31999969482422,0.016051600814877307,-11.983948399185122
166,REGN UW Equity,Regeneron Pharmaceuticals Inc,Health Care,2026-08-20,PX_LAST_PROXY,826.6400146484375,0.016051600814877307,-11.983948399185122
167,BDX UN Equity,Becton Dickinson & Co,Health Care,2026-08-20,PX_LAST_PROXY,187.6199951171875,0.016051600814877307,-11.983948399185122
168,AXP UN Equity,American Express Co,Financials,2026-08-20,PX_LAST_PROXY,331.1499938964844,0.0067075095395418205,-11.993292490460458
169,IBKR UW Equity,Interactive Brokers Group Inc,Financials,2026-08-20,PX_LAST_PROXY,89.8499984741211,0.0067075095395418205,-11.993292490460458
170,CMI UN Equity,Cummins Inc,Industrials,2026-08-20,PX_LAST_PROXY,593.239990234375,0.0067075095395418205,-11.993292490460458
171,GS UN Equity,Goldman Sachs Group Inc/The,Financials,2026-08-20,PX_LAST_PROXY,1001.9500122070312,0.0067075095395418205,-11.993292490460458
172,ALGN UW Equity,Align Technology Inc,Health Care,2026-08-20,PX_LAST_PROXY,158.94000244140625,0.0067075095395418205,-11.993292490460458
173,KMI UN Equity,Kinder Morgan Inc,Energy,2026-08-20,PX_LAST_PROXY,31.610000610351562,0.0067075095395418205,-11.993292490460458
174,GEV UN Equity,GE Vernova Inc,Industrials,2026-08-20,PX_LAST_PROXY,966.010009765625,0.003937831554498688,-11.996062168445501
175,ETN UN Equity,Eaton Corp PLC,Industrials,2026-08-20,PX_LAST_PROXY,415.2900085449219,0.003937831554498688,-11.996062168445501
176,PLTR UW Equity,Palantir Technologies Inc,Information Technology,2026-08-20,PX_LAST_PROXY,173.9600067138672,-0.04700144882107998,-12.04700144882108
177,FFIV UW Equity,F5 Inc,Information Technology,2026-08-20,PX_LAST_PROXY,377.7900085449219,-0.10265611135374189,-12.102656111353742
178,MCK UN Equity,McKesson Corp,Health Care,2026-08-20,PX_LAST_PROXY,838.75,-0.10265611135374189,-12.102656111353742
179,CCI UN Equity,Crown Castle Inc,Real Estate,2026-08-20,PX_LAST_PROXY,75.38999938964844,-0.10265611135374189,-12.102656111353742
180,PH UN Equity,Parker-Hannifin Corp,Industrials,2026-08-20,PX_LAST_PROXY,1000.1300048828125,-0.10265611135374189,-12.102656111353742
181,STT UN Equity,State Street Corp,Financials,2026-08-20,PX_LAST_PROXY,183.07000732421875,-0.10265611135374189,-12.102656111353742
182,ZTS UN Equity,Zoetis Inc,Health Care,2026-08-20,PX_LAST_PROXY,75.0199966430664,-0.10265611135374189,-12.102656111353742
183,DECK UN Equity,Deckers Outdoor Corp,Consumer Discretionary,2026-08-20,PX_LAST_PROXY,88.86000061035156,-0.10265611135374189,-12.102656111353742
184,CHD UN Equity,Church & Dwight Co Inc,Consumer Staples,2026-08-20,PX_LAST_PROXY,97.41000366210938,-0.10265611135374189,-12.102656111353742
185,TXT UN Equity,Textron Inc,Industrials,2026-08-20,PX_LAST_PROXY,84.37000274658203,-0.10265611135374189,-12.102656111353742
186,TDY UN Equity,Teledyne Technologies Inc,Information Technology,2026-08-20,PX_LAST_PROXY,633.9500122070312,-0.10265611135374189,-12.102656111353742
187,CFG UN Equity,Citizens Financial Group Inc,Financials,2026-08-20,PX_LAST_PROXY,69.70999908447266,-0.10265611135374189,-12.102656111353742
188,MET UN Equity,MetLife Inc,Financials,2026-08-20,PX_LAST_PROXY,93.45999908447266,-0.10265611135374189,-12.102656111353742
189,IR UN Equity,Ingersoll Rand Inc,Industrials,2026-08-20,PX_LAST_PROXY,79.33000183105469,-0.10265611135374189,-12.102656111353742
190,MTD UN Equity,Mettler-Toledo International I,Health Care,2026-08-20,PX_LAST_PROXY,1393.22998046875,-0.10265611135374189,-12.102656111353742
191,URI UN Equity,United Rentals Inc,Industrials,2026-08-20,PX_LAST_PROXY,1095.260009765625,-0.10265611135374189,-12.102656111353742
192,HON UW Equity,Honeywell International Inc,Industrials,2026-08-20,PX_LAST_PROXY,218.32000732421875,-0.10265611135374189,-12.102656111353742
193,CAH UN Equity,Cardinal Health Inc,Health Care,2026-08-20,PX_LAST_PROXY,228.4600067138672,-0.10265611135374189,-12.102656111353742
194,DAL UN Equity,Delta Air Lines Inc,Industrials,2026-08-20,PX_LAST_PROXY,81.05999755859375,-0.10265611135374189,-12.102656111353742
195,ADI UW Equity,Analog Devices Inc,Information Technology,2026-08-20,PX_LAST_PROXY,370.239990234375,-0.10265611135374189,-12.102656111353742
196,PNR UN Equity,Pentair PLC,Industrials,2026-08-20,PX_LAST_PROXY,63.779998779296875,-0.10265611135374189,-12.102656111353742
197,ORCL UN Equity,Oracle Corp,Information Technology,2026-08-20,PX_LAST_PROXY,142.07000732421875,-0.18068152054043185,-12.180681520540432
198,MDT UN Equity,Medtronic PLC,Health Care,2026-08-20,PX_LAST_PROXY,92.30000305175781,-0.2703336729910212,-12.270333672991022
199,HPE UN Equity,Hewlett Packard Enterprise Co,Information Technology,2026-08-20,PX_LAST_PROXY,52.88999938964844,-0.2900451414337155,-12.290045141433716
200,ULTA UW Equity,Ulta Beauty Inc,Consumer Discretionary,2026-08-20,PX_LAST_PROXY,515.1400146484375,-0.396639084341956,-12.396639084341956
201,MPC UN Equity,Marathon Petroleum Corp,Energy,2026-08-20,PX_LAST_PROXY,358.2300109863281,-0.396639084341956,-12.396639084341956
202,BLK UN Equity,Blackrock Inc,Financials,2026-08-20,PX_LAST_PROXY,1139.8199462890625,-0.396639084341956,-12.396639084341956
203,IBM UN Equity,International Business Machine,Information Technology,2026-08-20,PX_LAST_PROXY,233.69000244140625,-0.396639084341956,-12.396639084341956
204,ZBH UN Equity,Zimmer Biomet Holdings Inc,Health Care,2026-08-20,PX_LAST_PROXY,98.97000122070312,-0.396639084341956,-12.396639084341956
205,FAST UW Equity,Fastenal Co,Industrials,2026-08-20,PX_LAST_PROXY,50.65999984741211,-0.396639084341956,-12.396639084341956
206,EXPE UW Equity,Expedia Group Inc,Consumer Discretionary,2026-08-20,PX_LAST_PROXY,324.1700134277344,-0.7191152025314627,-12.719115202531462
207,PANW UW Equity,Palo Alto Networks Inc,Information Technology,2026-08-20,PX_LAST_PROXY,349.55999755859375,-0.7191152025314627,-12.719115202531462
208,COHR UN Equity,Coherent Corp,Information Technology,2026-08-20,PX_LAST_PROXY,290.0299987792969,-0.7421323314632983,-12.742132331463297
209,ANET UN Equity,Arista Networks Inc,Information Technology,2026-08-20,PX_LAST_PROXY,183.75,-0.7671701844495968,-12.767170184449597
210,MAS UN Equity,Masco Corp,Industrials,2026-08-20,PX_LAST_PROXY,73.33000183105469,-0.7671701844495968,-12.767170184449597
211,TXN UW Equity,Texas Instruments Inc,Information Technology,2026-08-20,PX_LAST_PROXY,265.6000061035156,-0.8737641273578374,-12.873764127357838
212,LYV UN Equity,Live Nation Entertainment Inc,Communication Services,2026-08-20,PX_LAST_PROXY,182.02000427246094,-0.8737641273578374,-12.873764127357838
213,LVS UN Equity,Las Vegas Sands Corp,Consumer Discretionary,2026-08-20,PX_LAST_PROXY,45.970001220703125,-0.8737641273578374,-12.873764127357838
214,CI UN Equity,Cigna Group/The,Health Care,2026-08-20,PX_LAST_PROXY,274.4100036621094,-0.8737641273578374,-12.873764127357838
215,DHI UN Equity,DR Horton Inc,Consumer Discretionary,2026-08-20,PX_LAST_PROXY,147.3300018310547,-0.8737641273578374,-12.873764127357838
216,FTNT UW Equity,Fortinet Inc,Information Technology,2026-08-20,PX_LAST_PROXY,150.7899932861328,-0.8737641273578374,-12.873764127357838
217,XYZ UN Equity,Block Inc,Financials,2026-08-20,PX_LAST_PROXY,80.08000183105469,-0.8737641273578374,-12.873764127357838
218,NVDA UW Equity,NVIDIA Corp,Information Technology,2026-08-20,PX_LAST_PROXY,216.85000610351562,-0.8737641273578374,-12.873764127357838
219,NVR UN Equity,NVR Inc,Consumer Discretionary,2026-08-20,PX_LAST_PROXY,6300.0,-0.8737641273578374,-12.873764127357838
220,TPL UN Equity,Texas Pacific Land Corp,Energy,2026-08-20,PX_LAST_PROXY,369.55999755859375,-0.9069943299639432,-12.906994329963943
221,MRK UN Equity,Merck & Co Inc,Health Care,2026-08-20,PX_LAST_PROXY,148.99000549316406,-1.0123486989727266,-13.012348698972726
222,AMZN UW Equity,Amazon.com Inc,Consumer Discretionary,2026-08-20,PX_LAST_PROXY,260.1099853515625,-1.0611531574378112,-13.061153157437811
223,FDXF UN Equity,Fedex Freight Holding Co Inc,Industrials,2026-08-20,PX_LAST_PROXY,136.39999389648438,-1.1091682240211072,-13.109168224021108
224,GNRC UN Equity,Generac Holdings Inc,Industrials,2026-08-20,PX_LAST_PROXY,206.75,-1.1091682240211072,-13.109168224021108
225,META UW Equity,Meta Platforms Inc,Communication Services,2026-08-20,PX_LAST_PROXY,545.8300170898438,-1.1091682240211072,-13.109168224021108
226,CAT UN Equity,Caterpillar Inc,Industrials,2026-08-20,PX_LAST_PROXY,815.3900146484375,-1.1091682240211072,-13.109168224021108
227,VRSK UW Equity,Verisk Analytics Inc,Industrials,2026-08-20,PX_LAST_PROXY,187.67999267578125,-1.1091682240211072,-13.109168224021108
228,KEYS UN Equity,Keysight Technologies Inc,Information Technology,2026-08-20,PX_LAST_PROXY,316.510009765625,-1.1091682240211072,-13.109168224021108
229,DVA UN Equity,DaVita Inc,Health Care,2026-08-20,PX_LAST_PROXY,175.24000549316406,-1.1121040937517206,-13.112104093751721
230,CLX UN Equity,Clorox Co/The,Consumer Staples,2026-08-20,PX_LAST_PROXY,106.04000091552734,-1.1677471003460513,-13.167747100346052
231,EMR UN Equity,Emerson Electric Co,Industrials,2026-08-20,PX_LAST_PROXY,154.72000122070312,-1.1677471003460513,-13.167747100346052
232,TMUS UW Equity,T-Mobile US Inc,Communication Services,2026-08-20,PX_LAST_PROXY,181.22000122070312,-1.1677471003460513,-13.167747100346052
233,CMCSA UW Equity,Comcast Corp,Communication Services,2026-08-20,PX_LAST_PROXY,26.420000076293945,-1.1677471003460513,-13.167747100346052
234,DLR UN Equity,Digital Realty Trust Inc,Real Estate,2026-08-20,PX_LAST_PROXY,194.3000030517578,-1.403151197009321,-13.40315119700932
235,ADSK UW Equity,Autodesk Inc,Information Technology,2026-08-20,PX_LAST_PROXY,251.02000427246094,-1.403151197009321,-13.40315119700932
236,ACN UN Equity,Accenture PLC,Information Technology,2026-08-20,PX_LAST_PROXY,181.35000610351562,-1.403151197009321,-13.40315119700932
237,SWKS UW Equity,Skyworks Solutions Inc,Information Technology,2026-08-20,PX_LAST_PROXY,67.94000244140625,-1.403151197009321,-13.40315119700932
238,GEHC UW Equity,GE HealthCare Technologies Inc,Health Care,2026-08-20,PX_LAST_PROXY,74.05999755859375,-1.403151197009321,-13.40315119700932
239,DXCM UW Equity,Dexcom Inc,Health Care,2026-08-20,PX_LAST_PROXY,90.22000122070312,-1.403151197009321,-13.40315119700932
240,INTU UW Equity,Intuit Inc,Information Technology,2026-08-20,PX_LAST_PROXY,361.8699951171875,-1.403151197009321,-13.40315119700932
241,BAX UN Equity,Baxter International Inc,Health Care,2026-08-20,PX_LAST_PROXY,26.40999984741211,-1.403151197009321,-13.40315119700932
242,MCO UN Equity,Moody's Corp,Financials,2026-08-20,PX_LAST_PROXY,498.7699890136719,-1.4314947104847628,-13.431494710484763
243,Q UN Equity,Qnity Electronics Inc,Information Technology,2026-08-20,PX_LAST_PROXY,133.52000427246094,-1.4430484475819658,-13.443048447581965
244,MPWR UW Equity,Monolithic Power Systems Inc,Information Technology,2026-08-20,PX_LAST_PROXY,1310.5999755859375,-1.4512061789274553,-13.451206178927455
245,MTB UN Equity,M&T Bank Corp,Financials,2026-08-20,PX_LAST_PROXY,238.25,-1.5503567351482632,-13.550356735148263
246,WYNN UW Equity,Wynn Resorts Ltd,Consumer Discretionary,2026-08-20,PX_LAST_PROXY,99.5999984741211,-1.557800121835696,-13.557800121835696
247,WY UN Equity,Weyerhaeuser Co,Real Estate,2026-08-20,PX_LAST_PROXY,24.6200008392334,-1.557800121835696,-13.557800121835696
248,UPS UN Equity,United Parcel Service Inc,Industrials,2026-08-20,PX_LAST_PROXY,102.58000183105469,-1.557800121835696,-13.557800121835696
249,MMM UN Equity,3M Co,Industrials,2026-08-20,PX_LAST_PROXY,178.08999633789062,-1.557800121835696,-13.557800121835696
250,MLM UN Equity,Martin Marietta Materials Inc,Materials,2026-08-20,PX_LAST_PROXY,525.27001953125,-1.557800121835696,-13.557800121835696
251,MSCI UN Equity,MSCI Inc,Financials,2026-08-20,PX_LAST_PROXY,568.75,-1.557800121835696,-13.557800121835696
252,DPZ UW Equity,Domino's Pizza Inc,Consumer Discretionary,2026-08-20,PX_LAST_PROXY,334.3699951171875,-1.557800121835696,-13.557800121835696
253,HUBB UN Equity,Hubbell Inc,Industrials,2026-08-20,PX_LAST_PROXY,469.760009765625,-1.557800121835696,-13.557800121835696
254,EQIX UW Equity,Equinix Inc,Real Estate,2026-08-20,PX_LAST_PROXY,1082.6099853515625,-1.557800121835696,-13.557800121835696
255,ELV UN Equity,Elevance Health Inc,Health Care,2026-08-20,PX_LAST_PROXY,396.2799987792969,-1.557800121835696,-13.557800121835696
256,EG UN Equity,Everest Group Ltd,Financials,2026-08-20,PX_LAST_PROXY,368.3599853515625,-1.557800121835696,-13.557800121835696
257,EBAY UW Equity,eBay Inc,Consumer Discretionary,2026-08-20,PX_LAST_PROXY,104.61000061035156,-1.557800121835696,-13.557800121835696
258,LEN UN Equity,Lennar Corp,Consumer Discretionary,2026-08-20,PX_LAST_PROXY,85.41999816894531,-1.557800121835696,-13.557800121835696
259,KVUE UN Equity,Kenvue Inc,Consumer Staples,2026-08-20,PX_LAST_PROXY,18.93000030517578,-1.557800121835696,-13.557800121835696
260,KR UN Equity,Kroger Co/The,Consumer Staples,2026-08-20,PX_LAST_PROXY,56.31999969482422,-1.557800121835696,-13.557800121835696
261,KMB UW Equity,Kimberly-Clark Corp,Consumer Staples,2026-08-20,PX_LAST_PROXY,108.69000244140625,-1.557800121835696,-13.557800121835696
262,HUM UN Equity,Humana Inc,Health Care,2026-08-20,PX_LAST_PROXY,380.7300109863281,-1.557800121835696,-13.557800121835696
263,NKE UN Equity,NIKE Inc,Consumer Discretionary,2026-08-20,PX_LAST_PROXY,40.209999084472656,-1.557800121835696,-13.557800121835696
264,VMRK UN Equity,Vivmark Residential,Real Estate,2026-08-20,PX_LAST_PROXY,65.13999938964844,-1.557800121835696,-13.557800121835696
265,VMC UN Equity,Vulcan Materials Co,Materials,2026-08-20,PX_LAST_PROXY,270.6700134277344,-1.557800121835696,-13.557800121835696
266,WELL UN Equity,Welltower Inc,Real Estate,2026-08-20,PX_LAST_PROXY,237.39999389648438,-1.557800121835696,-13.557800121835696
267,WAT UN Equity,Waters Corp,Health Care,2026-08-20,PX_LAST_PROXY,404.69000244140625,-1.557800121835696,-13.557800121835696
268,BXP UN Equity,BXP Inc,Real Estate,2026-08-20,PX_LAST_PROXY,67.77999877929688,-1.557800121835696,-13.557800121835696
269,BEN UN Equity,Franklin Templeton Inc,Financials,2026-08-20,PX_LAST_PROXY,33.970001220703125,-1.557800121835696,-13.557800121835696
270,TROW UW Equity,T Rowe Price Group Inc,Financials,2026-08-20,PX_LAST_PROXY,112.19000244140625,-1.557800121835696,-13.557800121835696
271,AME UN Equity,AMETEK Inc,Industrials,2026-08-20,PX_LAST_PROXY,239.0800018310547,-1.557800121835696,-13.557800121835696
272,JCI UN Equity,Johnson Controls International,Industrials,2026-08-20,PX_LAST_PROXY,143.16000366210938,-1.557800121835696,-13.557800121835696
273,TRV UN Equity,Travelers Cos Inc/The,Financials,2026-08-20,PX_LAST_PROXY,364.489990234375,-1.557800121835696,-13.557800121835696
274,GWW UN Equity,WW Grainger Inc,Industrials,2026-08-20,PX_LAST_PROXY,1300.3399658203125,-1.557800121835696,-13.557800121835696
275,GOOG UW Equity,Alphabet Inc,Communication Services,2026-08-20,PX_LAST_PROXY,338.20001220703125,-1.557800121835696,-13.557800121835696
276,HST UW Equity,Host Hotels & Resorts Inc,Real Estate,2026-08-20,PX_LAST_PROXY,23.09000015258789,-1.557800121835696,-13.557800121835696
277,HD UN Equity,Home Depot Inc/The,Consumer Discretionary,2026-08-20,PX_LAST_PROXY,334.489990234375,-1.557800121835696,-13.557800121835696
278,STZ UN Equity,Constellation Brands Inc,Consumer Staples,2026-08-20,PX_LAST_PROXY,134.13999938964844,-1.557800121835696,-13.557800121835696
279,TEL UN Equity,TE Connectivity PLC,Information Technology,2026-08-20,PX_LAST_PROXY,200.5399932861328,-1.557800121835696,-13.557800121835696
280,CASY UW Equity,Casey's General Stores Inc,Consumer Staples,2026-08-20,PX_LAST_PROXY,828.3800048828125,-1.557800121835696,-13.557800121835696
281,CARR UN Equity,Carrier Global Corp,Industrials,2026-08-20,PX_LAST_PROXY,60.150001525878906,-1.557800121835696,-13.557800121835696
282,TTWO UW Equity,Take-Two Interactive Software,Communication Services,2026-08-20,PX_LAST_PROXY,240.14999389648438,-1.557800121835696,-13.557800121835696
283,TT UN Equity,Trane Technologies PLC,Industrials,2026-08-20,PX_LAST_PROXY,451.1000061035156,-1.557800121835696,-13.557800121835696
284,JBHT UW Equity,JB Hunt Transport Services Inc,Industrials,2026-08-20,PX_LAST_PROXY,274.4700012207031,-1.557800121835696,-13.557800121835696
285,ROK UN Equity,Rockwell Automation Inc,Industrials,2026-08-20,PX_LAST_PROXY,431.45001220703125,-1.557800121835696,-13.557800121835696
286,RL UN Equity,Ralph Lauren Corp,Consumer Discretionary,2026-08-20,PX_LAST_PROXY,372.5199890136719,-1.557800121835696,-13.557800121835696
287,SBAC UW Equity,SBA Communications Corp,Real Estate,2026-08-20,PX_LAST_PROXY,180.5399932861328,-1.557800121835696,-13.557800121835696
288,ROST UW Equity,Ross Stores Inc,Consumer Discretionary,2026-08-20,PX_LAST_PROXY,228.99000549316406,-1.557800121835696,-13.557800121835696
289,ITW UN Equity,Illinois Tool Works Inc,Industrials,2026-08-20,PX_LAST_PROXY,282.739990234375,-1.557800121835696,-13.557800121835696
290,IRM UN Equity,Iron Mountain Inc,Real Estate,2026-08-20,PX_LAST_PROXY,122.94000244140625,-1.557800121835696,-13.557800121835696
291,GL UN Equity,Globe Life Inc,Financials,2026-08-20,PX_LAST_PROXY,170.49000549316406,-1.557800121835696,-13.557800121835696
292,ACGL UW Equity,Arch Capital Group Ltd,Financials,2026-08-20,PX_LAST_PROXY,99.30999755859375,-1.557800121835696,-13.557800121835696
293,ALLE UN Equity,Allegion plc,Industrials,2026-08-20,PX_LAST_PROXY,161.72000122070312,-1.557800121835696,-13.557800121835696
294,MAR UW Equity,Marriott International Inc/MD,Consumer Discretionary,2026-08-20,PX_LAST_PROXY,356.6000061035156,-1.557800121835696,-13.557800121835696
295,AIZ UN Equity,Assurant Inc,Financials,2026-08-20,PX_LAST_PROXY,282.0,-1.557800121835696,-13.557800121835696
296,AOS UN Equity,A O Smith Corp,Industrials,2026-08-20,PX_LAST_PROXY,62.43000030517578,-1.557800121835696,-13.557800121835696
297,AON UN Equity,Aon PLC,Financials,2026-08-20,PX_LAST_PROXY,351.92999267578125,-1.557800121835696,-13.557800121835696
298,WAB UN Equity,Westinghouse Air Brake Technol,Industrials,2026-08-20,PX_LAST_PROXY,292.30999755859375,-1.557800121835696,-13.557800121835696
299,VTRS UW Equity,Viatris Inc,Health Care,2026-08-20,PX_LAST_PROXY,16.1200008392334,-1.557800121835696,-13.557800121835696
300,KHC UW Equity,Kraft Heinz Co/The,Consumer Staples,2026-08-20,PX_LAST_PROXY,25.56999969482422,-1.557800121835696,-13.557800121835696
301,VRSN UW Equity,VeriSign Inc,Information Technology,2026-08-20,PX_LAST_PROXY,276.8999938964844,-1.557800121835696,-13.557800121835696
302,CDNS UW Equity,Cadence Design Systems Inc,Information Technology,2026-08-20,PX_LAST_PROXY,313.5899963378906,-1.557800121835696,-13.557800121835696
303,CNC UN Equity,Centene Corp,Health Care,2026-08-20,PX_LAST_PROXY,64.13999938964844,-1.557800121835696,-13.557800121835696
304,CEG UW Equity,Constellation Energy Corp,Utilities,2026-08-20,PX_LAST_PROXY,272.9200134277344,-1.557800121835696,-13.557800121835696
305,ALL UN Equity,Allstate Corp/The,Financials,2026-08-20,PX_LAST_PROXY,254.5399932861328,-1.557800121835696,-13.557800121835696
306,COR UN Equity,Cencora Inc,Health Care,2026-08-20,PX_LAST_PROXY,314.69000244140625,-1.557800121835696,-13.557800121835696
307,LIN UW Equity,Linde PLC,Materials,2026-08-20,PX_LAST_PROXY,481.2900085449219,-1.557800121835696,-13.557800121835696
308,EXPD UN Equity,Expeditors International of Wa,Industrials,2026-08-20,PX_LAST_PROXY,186.39999389648438,-1.557800121835696,-13.557800121835696
309,FTV UN Equity,Fortive Corp,Industrials,2026-08-20,PX_LAST_PROXY,59.400001525878906,-1.557800121835696,-13.557800121835696
310,FIS UN Equity,Fidelity National Information,Financials,2026-08-20,PX_LAST_PROXY,40.58000183105469,-1.557800121835696,-13.557800121835696
311,FERG UN Equity,Ferguson Enterprises Inc,Industrials,2026-08-20,PX_LAST_PROXY,239.44000244140625,-1.557800121835696,-13.557800121835696
312,EXE UW Equity,Expand Energy Corp,Energy,2026-08-20,PX_LAST_PROXY,96.06999969482422,-1.557800121835696,-13.557800121835696
313,ESS UN Equity,Essex Property Trust Inc,Real Estate,2026-08-20,PX_LAST_PROXY,287.7099914550781,-1.557800121835696,-13.557800121835696
314,EQT UN Equity,EQT Corp,Energy,2026-08-20,PX_LAST_PROXY,53.88999938964844,-1.557800121835696,-13.557800121835696
315,PM UN Equity,Philip Morris International In,Consumer Staples,2026-08-20,PX_LAST_PROXY,191.52000427246094,-1.557800121835696,-13.557800121835696
316,ODFL UW Equity,Old Dominion Freight Line Inc,Industrials,2026-08-20,PX_LAST_PROXY,204.52000427246094,-1.557800121835696,-13.557800121835696
317,PHM UN Equity,PulteGroup Inc,Consumer Discretionary,2026-08-20,PX_LAST_PROXY,127.66999816894531,-1.557800121835696,-13.557800121835696
318,PCAR UW Equity,PACCAR Inc,Industrials,2026-08-20,PX_LAST_PROXY,128.94000244140625,-1.557800121835696,-13.557800121835696
319,CTAS UW Equity,Cintas Corp,Industrials,2026-08-20,PX_LAST_PROXY,203.52000427246094,-1.557800121835696,-13.557800121835696
320,CSCO UW Equity,Cisco Systems Inc,Information Technology,2026-08-20,PX_LAST_PROXY,109.58999633789062,-1.557800121835696,-13.557800121835696
321,CRH UN Equity,CRH PLC,Materials,2026-08-20,PX_LAST_PROXY,93.08999633789062,-1.557800121835696,-13.557800121835696
322,DG UN Equity,Dollar General Corp,Consumer Staples,2026-08-20,PX_LAST_PROXY,120.58000183105469,-1.557800121835696,-13.557800121835696
323,DD UN Equity,DuPont de Nemours Inc,Industrials,2026-08-20,PX_LAST_PROXY,138.4600067138672,-1.557800121835696,-13.557800121835696
324,CVS UN Equity,CVS Health Corp,Health Care,2026-08-20,PX_LAST_PROXY,93.6500015258789,-1.557800121835696,-13.557800121835696
325,PPG UN Equity,PPG Industries Inc,Materials,2026-08-20,PX_LAST_PROXY,112.44000244140625,-1.557800121835696,-13.557800121835696
326,ORLY UW Equity,O'Reilly Automotive Inc,Consumer Discretionary,2026-08-20,PX_LAST_PROXY,89.08000183105469,-1.557800121835696,-13.557800121835696
327,GRMN UN Equity,Garmin Ltd,Consumer Discretionary,2026-08-20,PX_LAST_PROXY,293.0899963378906,-1.7451891519156695,-13.74518915191567
328,IP UN Equity,International Paper Co,Materials,2026-08-20,PX_LAST_PROXY,40.36000061035156,-1.7451891519156695,-13.74518915191567
329,ADBE UW Equity,Adobe Inc,Information Technology,2026-08-20,PX_LAST_PROXY,272.2200012207031,-1.7451891519156695,-13.74518915191567
330,MSFT UW Equity,Microsoft Corp,Information Technology,2026-08-20,PX_LAST_PROXY,481.1499938964844,-1.7451891519156695,-13.74518915191567
331,SW UN Equity,Smurfit Westrock PLC,Materials,2026-08-20,PX_LAST_PROXY,48.189998626708984,-1.7451891519156695,-13.74518915191567
332,NDSN UW Equity,Nordson Corp,Industrials,2026-08-20,PX_LAST_PROXY,334.70001220703125,-1.7639192731645306,-13.76391927316453
333,FANG UW Equity,Diamondback Energy Inc,Energy,2026-08-20,PX_LAST_PROXY,211.02000427246094,-1.7787804952195014,-13.778780495219502
334,WSM UN Equity,Williams-Sonoma Inc,Consumer Discretionary,2026-08-20,PX_LAST_PROXY,235.6999969482422,-1.8517830948239102,-13.85178309482391
335,BF/B UN Equity,Brown-Forman Corp,Consumer Staples,2026-08-20,PX_LAST_PROXY,28.40999984741211,-1.8517830948239102,-13.85178309482391
336,DLTR UW Equity,Dollar Tree Inc,Consumer Staples,2026-08-20,PX_LAST_PROXY,128.4499969482422,-1.8517830948239102,-13.85178309482391
337,TSCO UW Equity,Tractor Supply Co,Consumer Discretionary,2026-08-20,PX_LAST_PROXY,35.04999923706055,-1.8517830948239102,-13.85178309482391
338,BRO UN Equity,Brown & Brown Inc,Financials,2026-08-20,PX_LAST_PROXY,72.08000183105469,-1.8517830948239102,-13.85178309482391
339,PKG UN Equity,Packaging Corp of America,Materials,2026-08-20,PX_LAST_PROXY,249.55999755859375,-1.8517830948239102,-13.85178309482391
340,UHS UN Equity,Universal Health Services Inc,Health Care,2026-08-20,PX_LAST_PROXY,172.8699951171875,-1.8517830948239102,-13.85178309482391
341,MRSH UN Equity,Marsh & McLennan Cos Inc,Financials,2026-08-20,PX_LAST_PROXY,190.2100067138672,-1.8517830948239102,-13.85178309482391
342,CPAY UN Equity,Corpay Inc,Financials,2026-08-20,PX_LAST_PROXY,412.0,-1.8517830948239102,-13.85178309482391
343,HCA UN Equity,HCA Healthcare Inc,Health Care,2026-08-20,PX_LAST_PROXY,406.2699890136719,-1.8517830948239102,-13.85178309482391
344,VEEV UN Equity,Veeva Systems Inc,Health Care,2026-08-20,PX_LAST_PROXY,250.52999877929688,-1.8517830948239102,-13.85178309482391
345,HAS UW Equity,Hasbro Inc,Consumer Discretionary,2026-08-20,PX_LAST_PROXY,93.55999755859375,-1.8517830948239102,-13.85178309482391
346,GPN UN Equity,Global Payments Inc,Financials,2026-08-20,PX_LAST_PROXY,92.27999877929688,-1.8517830948239102,-13.85178309482391
347,AVY UN Equity,Avery Dennison Corp,Materials,2026-08-20,PX_LAST_PROXY,182.67999267578125,-1.8517830948239102,-13.85178309482391
348,MDLZ UW Equity,Mondelez International Inc,Consumer Staples,2026-08-20,PX_LAST_PROXY,64.13999938964844,-1.8517830948239102,-13.85178309482391
349,LOW UN Equity,Lowe's Cos Inc,Consumer Discretionary,2026-08-20,PX_LAST_PROXY,217.33999633789062,-1.8517830948239102,-13.85178309482391
350,ADP UW Equity,Automatic Data Processing Inc,Industrials,2026-08-20,PX_LAST_PROXY,279.2099914550781,-1.8517830948239102,-13.85178309482391
351,SHW UN Equity,Sherwin-Williams Co/The,Materials,2026-08-20,PX_LAST_PROXY,346.9100036621094,-1.8517830948239102,-13.85178309482391
352,PTC UW Equity,PTC Inc,Information Technology,2026-08-20,PX_LAST_PROXY,153.52000427246094,-1.8517830948239102,-13.85178309482391
353,TSLA UW Equity,Tesla Inc,Consumer Discretionary,2026-08-20,PX_LAST_PROXY,345.1300048828125,-1.8517830948239102,-13.85178309482391
354,STE UN Equity,STERIS PLC,Health Care,2026-08-20,PX_LAST_PROXY,235.74000549316406,-1.8517830948239102,-13.85178309482391
355,NTAP UW Equity,NetApp Inc,Information Technology,2026-08-20,PX_LAST_PROXY,192.80999755859375,-1.8517830948239102,-13.85178309482391
356,DRI UN Equity,Darden Restaurants Inc,Consumer Discretionary,2026-08-20,PX_LAST_PROXY,217.9499969482422,-1.8517830948239102,-13.85178309482391
357,GEN UW Equity,Gen Digital Inc,Information Technology,2026-08-20,PX_LAST_PROXY,28.174999237060547,-1.8517830948239102,-13.85178309482391
358,SWK UN Equity,Stanley Black & Decker Inc,Industrials,2026-08-20,PX_LAST_PROXY,98.8499984741211,-1.8517830948239102,-13.85178309482391
359,TAP UN Equity,Molson Coors Beverage Co,Consumer Staples,2026-08-20,PX_LAST_PROXY,42.61000061035156,-1.8517830948239102,-13.85178309482391
360,CBRE UN Equity,CBRE Group Inc,Real Estate,2026-08-20,PX_LAST_PROXY,151.7899932861328,-1.8517830948239102,-13.85178309482391
361,RMD UN Equity,ResMed Inc,Health Care,2026-08-20,PX_LAST_PROXY,228.44000244140625,-1.8517830948239102,-13.85178309482391
362,PAYX UW Equity,Paychex Inc,Industrials,2026-08-20,PX_LAST_PROXY,122.91000366210938,-1.8517830948239102,-13.85178309482391
363,OMC UN Equity,Omnicom Group Inc,Communication Services,2026-08-20,PX_LAST_PROXY,87.06999969482422,-1.8517830948239102,-13.85178309482391
364,GOOGL UW Equity,Alphabet Inc,Communication Services,2026-08-20,PX_LAST_PROXY,340.6700134277344,-1.8517830948239102,-13.85178309482391
365,GM UN Equity,General Motors Co,Consumer Discretionary,2026-08-20,PX_LAST_PROXY,86.1500015258789,-1.8517830948239102,-13.85178309482391
366,GPC UN Equity,Genuine Parts Co,Consumer Discretionary,2026-08-20,PX_LAST_PROXY,132.9199981689453,-1.8517830948239102,-13.85178309482391
367,AMT UN Equity,American Tower Corp,Real Estate,2026-08-20,PX_LAST_PROXY,175.72000122070312,-1.8517830948239102,-13.85178309482391
368,IFF UN Equity,International Flavors & Fragra,Materials,2026-08-20,PX_LAST_PROXY,83.38999938964844,-1.8517830948239102,-13.85178309482391
369,HSY UN Equity,Hershey Co/The,Consumer Staples,2026-08-20,PX_LAST_PROXY,188.30999755859375,-1.8517830948239102,-13.85178309482391
370,SNPS UW Equity,Synopsys Inc,Information Technology,2026-08-20,PX_LAST_PROXY,397.9200134277344,-1.8517830948239102,-13.85178309482391
371,BALL UN Equity,Ball Corp,Materials,2026-08-20,PX_LAST_PROXY,62.61000061035156,-1.9587406615879186,-13.95874066158792
372,DOV UN Equity,Dover Corp,Industrials,2026-08-20,PX_LAST_PROXY,199.8800048828125,-1.9587406615879186,-13.95874066158792
373,UDR UN Equity,UDR Inc,Real Estate,2026-08-20,PX_LAST_PROXY,37.689998626708984,-1.9587406615879186,-13.95874066158792
374,CPT UN Equity,Camden Property Trust,Real Estate,2026-08-20,PX_LAST_PROXY,107.91999816894531,-1.9587406615879186,-13.95874066158792
375,HRL UN Equity,Hormel Foods Corp,Consumer Staples,2026-08-20,PX_LAST_PROXY,24.079999923706055,-1.9587406615879186,-13.95874066158792
376,OTIS UN Equity,Otis Worldwide Corp,Industrials,2026-08-20,PX_LAST_PROXY,71.7699966430664,-1.9587406615879186,-13.95874066158792
377,MGM UN Equity,MGM Resorts International,Consumer Discretionary,2026-08-20,PX_LAST_PROXY,43.16999816894531,-1.9587406615879186,-13.95874066158792
378,AFL UN Equity,Aflac Inc,Financials,2026-08-20,PX_LAST_PROXY,116.16999816894531,-1.9587406615879186,-13.95874066158792
379,MKC UN Equity,McCormick & Co Inc/MD,Consumer Staples,2026-08-20,PX_LAST_PROXY,55.220001220703125,-2.138168368629809,-14.13816836862981
380,YUM UN Equity,Yum! Brands Inc,Consumer Discretionary,2026-08-20,PX_LAST_PROXY,152.3300018310547,-2.1614252619106065,-14.161425261910606
381,AMP UN Equity,Ameriprise Financial Inc,Financials,2026-08-20,PX_LAST_PROXY,547.0900268554688,-2.186143160307447,-14.186143160307447
382,DE UN Equity,Deere & Co,Industrials,2026-08-20,PX_LAST_PROXY,620.9400024414062,-2.4017591329806964,-14.401759132980697
383,SNDK UW Equity,Sandisk Corp,Information Technology,2026-08-20,PX_LAST_PROXY,1600.6199951171875,-2.418256715329058,-14.418256715329058
384,BAC UN Equity,Bank of America Corp,Financials,2026-08-20,PX_LAST_PROXY,61.86000061035156,-2.594439279706612,-14.594439279706613
385,CBOE UF Equity,Cboe Global Markets Inc,Financials,2026-08-20,PX_LAST_PROXY,294.1099853515625,-2.605180424400475,-14.605180424400475
386,CTVA UN Equity,Corteva Inc,Materials,2026-08-20,PX_LAST_PROXY,79.45999908447266,-2.7852926078868685,-14.785292607886868
387,TRGP UN Equity,Targa Resources Corp,Energy,2026-08-20,PX_LAST_PROXY,302.25,-2.7852926078868685,-14.785292607886868
388,PNC UN Equity,PNC Financial Services Group I,Financials,2026-08-20,PX_LAST_PROXY,241.6199951171875,-3.017593547147581,-15.01759354714758
389,NTRS UW Equity,Northern Trust Corp,Financials,2026-08-20,PX_LAST_PROXY,182.50999450683594,-3.017593547147581,-15.01759354714758
390,PG UN Equity,Procter & Gamble Co/The,Consumer Staples,2026-08-20,PX_LAST_PROXY,142.97000122070312,-3.017593547147581,-15.01759354714758
391,SPG UN Equity,Simon Property Group Inc,Real Estate,2026-08-20,PX_LAST_PROXY,219.89999389648438,-3.017593547147581,-15.01759354714758
392,JPM UN Equity,JPMorgan Chase & Co,Financials,2026-08-20,PX_LAST_PROXY,351.54998779296875,-3.017593547147581,-15.01759354714758
393,USB UN Equity,US Bancorp,Financials,2026-08-20,PX_LAST_PROXY,61.779998779296875,-3.017593547147581,-15.01759354714758
394,BNY UN Equity,Bank of New York Mellon Corp/T,Financials,2026-08-20,PX_LAST_PROXY,157.24000549316406,-3.017593547147581,-15.01759354714758
395,PRU UN Equity,Prudential Financial Inc,Financials,2026-08-20,PX_LAST_PROXY,120.58999633789062,-3.017593547147581,-15.01759354714758
396,TYL UN Equity,Tyler Technologies Inc,Information Technology,2026-08-20,PX_LAST_PROXY,348.1400146484375,-3.0792755808750822,-15.079275580875082
397,APA UW Equity,APA Corp,Energy,2026-08-20,PX_LAST_PROXY,44.38999938964844,-3.0792755808750822,-15.079275580875082
398,INCY UW Equity,Incyte Corp,Health Care,2026-08-20,PX_LAST_PROXY,127.22000122070312,-3.0792755808750822,-15.079275580875082
399,EOG UN Equity,EOG Resources Inc,Energy,2026-08-20,PX_LAST_PROXY,152.19000244140625,-3.233924505701457,-15.233924505701458
400,EIX UN Equity,Edison International,Utilities,2026-08-20,PX_LAST_PROXY,74.66000366210938,-3.233924505701457,-15.233924505701458
401,XOM UN Equity,ExxonMobil Holdings Corp,Energy,2026-08-20,PX_LAST_PROXY,166.14999389648438,-3.233924505701457,-15.233924505701458
402,FDX UN Equity,FedEx Corp,Industrials,2026-08-20,PX_LAST_PROXY,326.0400085449219,-3.299329406123551,-15.299329406123551
403,PSA UN Equity,Public Storage,Real Estate,2026-08-20,PX_LAST_PROXY,322.739990234375,-3.299329406123551,-15.299329406123551
404,OXY UN Equity,Occidental Petroleum Corp,Energy,2026-08-20,PX_LAST_PROXY,61.52000045776367,-3.5279074786896722,-15.527907478689672
405,DVN UN Equity,Devon Energy Corp,Energy,2026-08-20,PX_LAST_PROXY,49.29999923706055,-3.5279074786896722,-15.527907478689672
406,JKHY UW Equity,Jack Henry & Associates Inc,Financials,2026-08-20,PX_LAST_PROXY,165.0800018310547,-3.5279074786896722,-15.527907478689672
407,DHR UN Equity,Danaher Corp,Health Care,2026-08-20,PX_LAST_PROXY,215.91000366210938,-3.5279074786896722,-15.527907478689672
408,HAL UN Equity,Halliburton Co,Energy,2026-08-20,PX_LAST_PROXY,35.689998626708984,-3.5279074786896722,-15.527907478689672
409,PGR UN Equity,Progressive Corp/The,Financials,2026-08-20,PX_LAST_PROXY,220.33999633789062,-3.5279074786896722,-15.527907478689672
410,WBD UW Equity,Warner Bros Discovery Inc,Communication Services,2026-08-20,PX_LAST_PROXY,28.229999542236328,-3.55543858503673,-15.555438585036729
411,FCX UN Equity,Freeport-McMoRan Inc,Materials,2026-08-20,PX_LAST_PROXY,71.22000122070312,-3.6829007209499913,-15.682900720949991
412,CMS UN Equity,CMS Energy Corp,Utilities,2026-08-20,PX_LAST_PROXY,69.83000183105469,-3.7887015631516765,-15.788701563151676
413,UNH UN Equity,UnitedHealth Group Inc,Health Care,2026-08-20,PX_LAST_PROXY,384.8500061035156,-3.7887015631516765,-15.788701563151676
414,TFC UN Equity,Truist Financial Corp,Financials,2026-08-20,PX_LAST_PROXY,50.22999954223633,-3.7887015631516765,-15.788701563151676
415,KEY UN Equity,KeyCorp,Financials,2026-08-20,PX_LAST_PROXY,21.850000381469727,-3.7887015631516765,-15.788701563151676
416,HBAN UW Equity,Huntington Bancshares Inc/OH,Financials,2026-08-20,PX_LAST_PROXY,17.010000228881836,-3.7887015631516765,-15.788701563151676
417,RF UN Equity,Regions Financial Corp,Financials,2026-08-20,PX_LAST_PROXY,30.219999313354492,-3.7887015631516765,-15.788701563151676
418,CL UN Equity,Colgate-Palmolive Co,Consumer Staples,2026-08-20,PX_LAST_PROXY,89.69999694824219,-3.7887015631516765,-15.788701563151676
419,FITB UN Equity,Fifth Third Bancorp,Financials,2026-08-20,PX_LAST_PROXY,54.5,-3.7887015631516765,-15.788701563151676
420,D UN Equity,Dominion Energy Inc,Utilities,2026-08-20,PX_LAST_PROXY,67.47000122070312,-3.7887015631516765,-15.788701563151676
421,CF UN Equity,CF Industries Holdings Inc,Materials,2026-08-20,PX_LAST_PROXY,125.69999694824219,-3.8012527311407087,-15.801252731140709
422,MRNA UW Equity,Moderna Inc,Health Care,2026-08-20,PX_LAST_PROXY,133.32000732421875,-3.814066324641977,-15.814066324641978
423,MOS UN Equity,Mosaic Co/The,Materials,2026-08-20,PX_LAST_PROXY,23.350000381469727,-3.8375496457763676,-15.837549645776367
424,RSG UN Equity,Republic Services Inc,Industrials,2026-08-20,PX_LAST_PROXY,219.5,-3.9454916065263737,-15.945491606526375
425,NSC UN Equity,Norfolk Southern Corp,Industrials,2026-08-20,PX_LAST_PROXY,346.6199951171875,-3.9454916065263737,-15.945491606526375
426,UNP UN Equity,Union Pacific Corp,Industrials,2026-08-20,PX_LAST_PROXY,303.9700012207031,-3.9454916065263737,-15.945491606526375
427,DGX UN Equity,Quest Diagnostics Inc,Health Care,2026-08-20,PX_LAST_PROXY,241.3000030517578,-3.9454916065263737,-15.945491606526375
428,TMO UN Equity,Thermo Fisher Scientific Inc,Health Care,2026-08-20,PX_LAST_PROXY,627.5499877929688,-3.9857013320573915,-15.985701332057392
429,CMG UN Equity,Chipotle Mexican Grill Inc,Consumer Discretionary,2026-08-20,PX_LAST_PROXY,35.290000915527344,-4.122399559885472,-16.122399559885473
430,RVTY UN Equity,Revvity Inc,Health Care,2026-08-20,PX_LAST_PROXY,124.12999725341797,-4.131532618764582,-16.13153261876458
431,ICE UN Equity,Intercontinental Exchange Inc,Financials,2026-08-20,PX_LAST_PROXY,158.61000061035156,-4.239474579514589,-16.23947457951459
432,ABT UN Equity,Abbott Laboratories,Health Care,2026-08-20,PX_LAST_PROXY,114.13999938964844,-4.239474579514589,-16.23947457951459
433,COIN UW Equity,Coinbase Global Inc,Financials,2026-08-20,PX_LAST_PROXY,172.35000610351562,-4.354575699610072,-16.354575699610074
434,GD UN Equity,General Dynamics Corp,Industrials,2026-08-20,PX_LAST_PROXY,386.07000732421875,-4.358182291683211,-16.35818229168321
435,COP UN Equity,ConocoPhillips,Energy,2026-08-20,PX_LAST_PROXY,134.88999938964844,-4.37186648983467,-16.37186648983467
436,LYB UN Equity,LyondellBasell Industries NV,Materials,2026-08-20,PX_LAST_PROXY,68.0999984741211,-4.37186648983467,-16.37186648983467
437,WEC UN Equity,WEC Energy Group Inc,Utilities,2026-08-20,PX_LAST_PROXY,108.51000213623047,-4.472737557629535,-16.472737557629536
438,WM UN Equity,Waste Management Inc,Industrials,2026-08-20,PX_LAST_PROXY,224.9199981689453,-4.472737557629535,-16.472737557629536
439,WRB UN Equity,W R Berkley Corp,Financials,2026-08-20,PX_LAST_PROXY,69.18000030517578,-4.472737557629535,-16.472737557629536
440,AIG UN Equity,American International Group I,Financials,2026-08-20,PX_LAST_PROXY,75.75,-4.472737557629535,-16.472737557629536
441,AEP UW Equity,American Electric Power Co Inc,Utilities,2026-08-20,PX_LAST_PROXY,125.69999694824219,-4.472737557629535,-16.472737557629536
442,PLD UN Equity,Prologis Inc,Real Estate,2026-08-20,PX_LAST_PROXY,140.67999267578125,-4.472737557629535,-16.472737557629536
443,PNW UN Equity,Pinnacle West Capital Corp,Utilities,2026-08-20,PX_LAST_PROXY,99.37999725341797,-4.472737557629535,-16.472737557629536
444,PEG UN Equity,Public Service Enterprise Grou,Utilities,2026-08-20,PX_LAST_PROXY,74.62000274658203,-4.472737557629535,-16.472737557629536
445,HIG UN Equity,Hartford Insurance Group Inc/T,Financials,2026-08-20,PX_LAST_PROXY,137.1199951171875,-4.472737557629535,-16.472737557629536
446,ETR UN Equity,Entergy Corp,Utilities,2026-08-20,PX_LAST_PROXY,107.33999633789062,-4.472737557629535,-16.472737557629536
447,EXC UW Equity,Exelon Corp,Utilities,2026-08-20,PX_LAST_PROXY,45.060001373291016,-4.472737557629535,-16.472737557629536
448,FE UN Equity,FirstEnergy Corp,Utilities,2026-08-20,PX_LAST_PROXY,47.18000030517578,-4.472737557629535,-16.472737557629536
449,FRT UN Equity,Federal Realty Investment Trus,Real Estate,2026-08-20,PX_LAST_PROXY,117.25,-4.472737557629535,-16.472737557629536
450,REG UW Equity,Regency Centers Corp,Real Estate,2026-08-20,PX_LAST_PROXY,76.51000213623047,-4.472737557629535,-16.472737557629536
451,ROL UN Equity,Rollins Inc,Industrials,2026-08-20,PX_LAST_PROXY,36.380001068115234,-4.472737557629535,-16.472737557629536
452,SNA UN Equity,Snap-on Inc,Industrials,2026-08-20,PX_LAST_PROXY,391.2699890136719,-4.472737557629535,-16.472737557629536
453,PFG UW Equity,Principal Financial Group Inc,Financials,2026-08-20,PX_LAST_PROXY,110.54000091552734,-4.472737557629535,-16.472737557629536
454,SO UN Equity,Southern Co/The,Utilities,2026-08-20,PX_LAST_PROXY,91.43000030517578,-4.472737557629535,-16.472737557629536
455,L UN Equity,Loews Corp,Financials,2026-08-20,PX_LAST_PROXY,110.69999694824219,-4.472737557629535,-16.472737557629536
456,LNT UW Equity,Alliant Energy Corp,Utilities,2026-08-20,PX_LAST_PROXY,69.45999908447266,-4.472737557629535,-16.472737557629536
457,SBUX UW Equity,Starbucks Corp,Consumer Discretionary,2026-08-20,PX_LAST_PROXY,103.98999786376953,-4.472737557629535,-16.472737557629536
458,CINF UW Equity,Cincinnati Financial Corp,Financials,2026-08-20,PX_LAST_PROXY,168.19000244140625,-4.472737557629535,-16.472737557629536
459,NI UN Equity,NiSource Inc,Utilities,2026-08-20,PX_LAST_PROXY,41.63999938964844,-4.472737557629535,-16.472737557629536
460,DTE UN Equity,DTE Energy Co,Utilities,2026-08-20,PX_LAST_PROXY,138.14999389648438,-4.472737557629535,-16.472737557629536
461,DUK UN Equity,Duke Energy Corp,Utilities,2026-08-20,PX_LAST_PROXY,122.69000244140625,-4.472737557629535,-16.472737557629536
462,NEE UN Equity,NextEra Energy Inc,Utilities,2026-08-20,PX_LAST_PROXY,85.02999877929688,-4.472737557629535,-16.472737557629536
463,SYY UN Equity,Sysco Corp,Consumer Staples,2026-08-20,PX_LAST_PROXY,83.05999755859375,-4.472737557629535,-16.472737557629536
464,CB UN Equity,Chubb Ltd,Financials,2026-08-20,PX_LAST_PROXY,342.8699951171875,-4.472737557629535,-16.472737557629536
465,BRK/B UN Equity,Berkshire Hathaway Inc,Financials,2026-08-20,PX_LAST_PROXY,496.8599853515625,-4.472737557629535,-16.472737557629536
466,KIM UN Equity,Kimco Realty Corp,Real Estate,2026-08-20,PX_LAST_PROXY,24.15999984741211,-4.472737557629535,-16.472737557629536
467,COST UW Equity,Costco Wholesale Corp,Consumer Staples,2026-08-20,PX_LAST_PROXY,933.510009765625,-4.472737557629535,-16.472737557629536
468,CNP UN Equity,CenterPoint Energy Inc,Utilities,2026-08-20,PX_LAST_PROXY,40.20000076293945,-4.472737557629535,-16.472737557629536
469,ATO UN Equity,Atmos Energy Corp,Utilities,2026-08-20,PX_LAST_PROXY,170.52000427246094,-4.472737557629535,-16.472737557629536
470,DOW UN Equity,Dow Inc,Materials,2026-08-20,PX_LAST_PROXY,32.900001525878906,-4.543867601943512,-16.54386760194351
471,SCHW UN Equity,Charles Schwab Corp/The,Financials,2026-08-20,PX_LAST_PROXY,109.79000091552734,-4.652165264671425,-16.652165264671424
472,APD UN Equity,Air Products and Chemicals Inc,Materials,2026-08-20,PX_LAST_PROXY,300.3299865722656,-5.129290307687303,-17.129290307687302
473,EL UN Equity,Estee Lauder Cos Inc/The,Consumer Staples,2026-08-20,PX_LAST_PROXY,96.1500015258789,-5.271007282443459,-17.27100728244346
474,VICI UN Equity,VICI Properties Inc,Real Estate,2026-08-20,PX_LAST_PROXY,26.56999969482422,-5.81332630216516,-17.81332630216516
475,AWK UN Equity,American Water Works Co Inc,Utilities,2026-08-20,PX_LAST_PROXY,137.2100067138672,-5.81332630216516,-17.81332630216516
476,INVH UN Equity,Invitation Homes Inc,Real Estate,2026-08-20,PX_LAST_PROXY,30.270000457763672,-5.81332630216516,-17.81332630216516
477,PPL UN Equity,PPL Corp,Utilities,2026-08-20,PX_LAST_PROXY,35.20000076293945,-5.81332630216516,-17.81332630216516
478,AES UN Equity,AES Corp/The,Utilities,2026-08-20,PX_LAST_PROXY,14.770000457763672,-5.81332630216516,-17.81332630216516
479,IEX UN Equity,IDEX Corp,Industrials,2026-08-20,PX_LAST_PROXY,233.75,-5.81332630216516,-17.81332630216516
480,SRE UN Equity,Sempra,Utilities,2026-08-20,PX_LAST_PROXY,87.37999725341797,-5.81332630216516,-17.81332630216516
481,PEP UW Equity,PepsiCo Inc,Consumer Staples,2026-08-20,PX_LAST_PROXY,142.0800018310547,-5.81332630216516,-17.81332630216516
482,EVRG UW Equity,Evergy Inc,Utilities,2026-08-20,PX_LAST_PROXY,83.16000366210938,-5.81332630216516,-17.81332630216516
483,O UN Equity,Realty Income Corp,Real Estate,2026-08-20,PX_LAST_PROXY,63.16999816894531,-5.81332630216516,-17.81332630216516
484,ES UN Equity,Eversource Energy,Utilities,2026-08-20,PX_LAST_PROXY,72.1500015258789,-5.81332630216516,-17.81332630216516
485,MCD UN Equity,McDonald's Corp,Consumer Discretionary,2026-08-20,PX_LAST_PROXY,269.1300048828125,-5.81332630216516,-17.81332630216516
486,HSIC UW Equity,Henry Schein Inc,Health Care,2026-08-20,PX_LAST_PROXY,88.45999908447266,-5.81332630216516,-17.81332630216516
487,CSX UW Equity,CSX Corp,Industrials,2026-08-20,PX_LAST_PROXY,50.970001220703125,-5.81332630216516,-17.81332630216516
488,EXR UN Equity,Extra Space Storage Inc,Real Estate,2026-08-20,PX_LAST_PROXY,147.25999450683594,-5.81332630216516,-17.81332630216516
489,V UN Equity,Visa Inc,Financials,2026-08-20,PX_LAST_PROXY,365.7300109863281,-5.81332630216516,-17.81332630216516
490,TECH UW Equity,Bio-Techne Corp,Health Care,2026-08-20,PX_LAST_PROXY,72.27999877929688,-5.81332630216516,-17.81332630216516
491,MAA UN Equity,Mid-America Apartment Communit,Real Estate,2026-08-20,PX_LAST_PROXY,132.05999755859375,-5.81332630216516,-17.81332630216516
492,AEE UN Equity,Ameren Corp,Utilities,2026-08-20,PX_LAST_PROXY,108.79000091552734,-5.81332630216516,-17.81332630216516
493,ED UN Equity,Consolidated Edison Inc,Utilities,2026-08-20,PX_LAST_PROXY,108.30999755859375,-5.81332630216516,-17.81332630216516
494,XEL UW Equity,Xcel Energy Inc,Utilities,2026-08-20,PX_LAST_PROXY,78.70999908447266,-5.81332630216516,-17.81332630216516
495,NEM UN Equity,Newmont Corp,Materials,2026-08-20,PX_LAST_PROXY,127.63999938964844,-5.961194782411714,-17.961194782411713
496,COO UW Equity,Cooper Cos Inc/The,Health Care,2026-08-20,PX_LAST_PROXY,76.16000366210938,-6.1073092751533755,-18.107309275153376
497,CME UW Equity,CME Group Inc,Financials,2026-08-20,PX_LAST_PROXY,270.8699951171875,-6.1073092751533755,-18.107309275153376
498,MA UN Equity,Mastercard Inc,Financials,2026-08-20,PX_LAST_PROXY,573.8499755859375,-6.1073092751533755,-18.107309275153376
499,NDAQ UW Equity,Nasdaq Inc,Financials,2026-08-20,PX_LAST_PROXY,97.55000305175781,-6.1073092751533755,-18.107309275153376
500,ARE UN Equity,Alexandria Real Estate Equitie,Real Estate,2026-08-20,PX_LAST_PROXY,52.939998626708984,-6.434512571135696,-18.434512571135695
501,MRVL UW Equity,Marvell Technology Inc,Information Technology,2026-08-20,PX_LAST_PROXY,251.00999450683594,-7.601198765199719,-19.60119876519972
502,CPRT UW Equity,Copart Inc,Industrials,2026-08-20,PX_LAST_PROXY,34.33000183105469,-12.459832859578242,-24.459832859578242
503,IQV UN Equity,IQVIA Holdings Inc,Health Care,2026-08-20,PX_LAST_PROXY,256.04998779296875,-17.669679130924397,-29.669679130924397
